City,Sum of cost of living
Honiara,641595.13
Niamey,353293.45
Singapore,287566.66
Tabriz,273700.28
Mahabad,258716.65
Trinidad,258374.1
Orumiyeh,258162.02
Monaco,254263.41
Hamilton,217633.47
London,202342.05
Burlington,183066.18
Kermanshah,182687.77
Havana,181308.54
Yazd,180364.48
Esfahan,179609.35
Cordoba,179312.16
Varadero,178552
Cienfuegos,177326.49
Santa Clara,177248.54
Birmingham,177238.41
Zug,176145.59
Cambridge,166553.41
Richmond,164947.81
Worcester,160923.82
Victoria,156973.37
Lausanne,156694.94
Chester,154683.14
Yucaipa,153834.18
Hong Kong,152896.79
Zurich,150038.55
Bern,148904.72
Great Falls,148407.07
Qazvin,146545.98
Nyon,145948.62
Amol,145420.3
Lancaster,145316.59
Tel Aviv-Yafo,145034.07
Geneva,142971.62
Oxford,142598.96
Waterloo,142569.33
Toledo,141807.08
Lagos,140896.57
New York,140723.46
Arad,139492.85
Redondo Beach,138556.05
Mogadishu,138215.64
Hod HaSharon,137487.28
Salem,135882.32
Fribourg,135454.12
Winterthur,135435.96
Basel,135311.05
Utsunomiya,133600.87
Truro,133315.07
Hamadan,132217.04
Pointe-Noire,130801.26
Andimeshk,130767.36
Valencia,130535.23
Groningen,129508.49
Hargeysa,129311.03
Tehran,129200
Malayer,129040.12
Yverdon-les-Bains,128379.01
Ardabil,127664.64
Bull Run,127627.54
Sanandaj,126848.21
Babol,126764.9
Schaffhausen,126610.04
Lugano,124612.99
Varamin,124496.44
Brest,122555.81
Sergiyev Posad,122164.86
Kolomna,121760.61
Fryazino,121746.42
Oranjestad,121700.64
Boulder,121386.76
Cuenca,121302.75
Podolsk,121223.22
Baden,121080.1
Berkeley,120433.26
Ramat Gan,120275.78
Sancti Spiritus,120257.15
Santa Monica,120088.29
Rabat,119995.21
Ryazan,119986.49
Texarkana,119824.58
Rock Hill,118982.93
Kerman,118851.46
Boston,118446.64
Tyumen,118337.03
Jerusalem,118030.54
Seoul,117619.81
Netanya,117023.83
Brooklyn,116599.97
Lucerne,116422.05
Dezful,116390.43
Sunnyvale,116181.41
Birkenhead,116046.13
Frauenfeld,115927.53
San Jose,115791.15
Walton upon Thames,115679.61
Ramat HaSharon,115569.12
Rockville,115461.47
Addis Ababa,115459.13
Rehovot,115442.84
Annapolis,115402.79
Vientiane,115254.35
Kriens,115071.46
Domodedovo,114969.54
Hamburg,114959.73
Lyubertsy,114951.35
Aarhus,114780.92
Fukuyama,114437.13
Port Moresby,114392.56
Nahariyya,114295.55
Lod,114189.23
Holon,114165.5
Cerritos,113761.82
Ipswich,113626.79
Beersheba,113548.63
Edmonton,113351.54
Bronx,112910.56
Copenhagen,112616.87
Zatec,112531.12
Montgomery,112477.97
Chomutov,112470.42
Langenthal,112469.69
Qom,112388.78
Walnut Park,112352.2
Pensacola,112269.37
Bangkok,112122.36
Schwyz,111849.26
Omsk,111832.34
Herzliyya,111690.52
Eilat,111498.58
Suzhou,111468.75
Shiraz,111100.97
Lynwood,110791.01
Beijing,110702.1
Berwyn,110639.79
Darmstadt,110579.48
Fremont,110518.75
Brighton,110479.05
Southampton,110470.56
Seattle,110443.89
Washington,110293.15
Givatayim,110255.51
Phnom Penh,110224.73
Ashqelon,110210.52
Uhersky Brod,110103.38
Mashhad,110028.8
Truckee,110019.3
Oslo,109952.82
Norman,109674.81
Hadera,109644.54
Irvine,109587.3
Bandar-e Bushehr,109517.58
Westminster,109231.2
Bracknell,109080.31
Saratov,109035.63
Saint Helier,108903.26
St. Albert,108897.5
Manchester,108799.93
East Palo Alto,108784.78
Brazzaville,108775.81
Luxembourg,108770.54
Sarasota,108756.7
Amstelveen,108735.43
Katy,108723.31
Petah Tiqwa,108713.06
Sochi,108590.97
Colombo,108524.66
Charleston,108483.05
Affoltern am Albis,108310.65
Wurzburg,108286.23
Pardes Hanna Karkur,108227.67
Dietikon,108194.28
Nassau,107958.15
Novokuznetsk,107614.22
Rishon LeZiyyon,107487.57
Qiryat Ono,107487.31
Nakhon Pathom,107467.08
Lompoc,107367.2
Oakland,107256.96
Vladivostok,107235.87
Nonthaburi,107006.76
Borujerd,106945.45
Los Angeles,106722.92
Nashville,106721.97
Bamako,106555.78
Woking,106178.98
Rancho Cucamonga,106043.08
Amsterdam,105960.96
Abakan,105956.3
Gibraltar,105924.84
Kefar Sava,105833.6
Dubendorf,105601.73
Frederick,105596.01
Daytona Beach,105583.59
Queens,105432.13
Vaduz,105234.21
Camden,104834.42
Royal Leamington Spa,104823.77
Moscow,104810.37
Mackay,104801.28
Neuchatel,104545.3
Newport Beach,104376.95
Haifa,104124.8
Philadelphia,104088.23
Ra`ananna,104065.41
Chon Buri,103959.58
Sihanoukville,103873.3
Shanghai,103872.97
Peterborough,103747.36
Aalborg,103668.47
Bellevue,103595.08
Colchester,103591.9
Pleasanton,103502.5
Paris,103477.82
Princeton,103262.85
El Cerrito,102988.86
Birsfelden,102964.74
Arlington,102955.24
Exeter,102897.13
Ashdod,102604.91
Pskov,102441.65
Greenville,102374.02
Torshavn,102368.02
Bath,102285.61
Torrance,102137.8
San Diego,101901.71
Redmond,101751.09
Norwalk,101633.21
Longbridge,101550.05
Honolulu,101462.91
Long Beach,101453.67
Canterbury,101423.85
Mount Vernon,101417.07
Munich,101361.57
West Hollywood,101332.29
Uster,101293.51
Ho Chi Minh City,101253.7
Kinshasa,101243.71
Bat Yam,101178.22
Cheyenne,101169.93
Taipei,100964.84
Kazan,100819.06
Dublin,100724.56
Karmiel,100706.7
Dire Dawa,100626.16
Herndon,100250.48
Bergen,100207.96
Alpharetta,100151.3
Siem Reap,100045.51
Reykjavik,100043.01
Espoo,100028.27
Wilmington,99976.66
Suwon,99822.71
Stavanger,99821.22
Fredericksburg,99801.74
Khabarovsk,99686.04
San Ramon,99586.48
Atlanta,99435.64
Hoboken,99233.72
Vevey,99088.17
Kaiserslautern,99068.15
Tromso,99036.7
Roskilde,98897.67
Huntington Park,98897.53
Mechelen,98885.08
Ruggell,98860.8
Asker,98654.24
Battambang,98640.25
Greensboro,98492.19
Bedford,98443.65
Huntington Beach,98238.44
Quincy,98205.73
Salisbury,98183.57
Shenzhen,98183.16
Qiryat Bialik,98165.58
Solothurn,98049.95
Oulu,98000.45
Svendborg,97943.64
Samara,97747.4
Wayne,97718.96
Trondheim,97655.72
Birch Bay,97638.72
Lillehammer,97609.79
Vejle,97409.44
Glendale,97330.1
Columbus,97328.38
Meilen,97314.53
Fort Lauderdale,97309.07
Nazareth,97228.55
Fairfax,97220.64
Taganrog,97117.13
Boise,97093.65
Portland,97078.36
Valladolid,97064.45
Key West,97023.03
Sacramento,96890.7
Wagga Wagga,96888.21
Santiago,96868.58
Swindon,96773.52
Aarau,96195.94
Male,95986.5
Sint-Pieters-Leeuw,95966.07
Milan,95903.63
Austin,95900.88
Crawley,95823.09
Bergen op Zoom,95821.99
Vestmanna,95800.73
Luton,95799.9
Mountain View,95792.01
Highlands Ranch,95780.34
Bodo,95759.86
Heidelberg,95679.75
Ulm,95658.27
Yekaterinburg,95639.9
Boca Raton,95592.39
Songnam,95567.51
Manassas,95552.85
Guadalajara,95449.44
Zanjan,95444.38
Reading,95399.01
Denver,95335.46
Reston,95264.85
Brussels,95160.1
Maidstone,95093.05
Ufa,95072.66
Chelmsford,95004.26
New Haven,94992.86
Libreville,94650.67
Incheon,94630.38
Abuja,94629.89
Laurel,94551.28
Vancouver,94520.54
Novosibirsk,94516.55
Miami,94379.91
Sint-Gillis-Waas,94342.36
Bristol,94180.5
Aventura,94122.65
Petion-Ville,94118.42
Fredrikstad,93910.13
Pendik,93882.79
Braunschweig,93783.03
Port-au-Prince,93748.84
Houston,93726.96
Chelyabinsk,93699.65
Ridgefield Park,93699.58
Sydney,93689.19
Berlin,93674.72
Schaan,93654.57
Gent,93622.32
Dusseldorf,93431.43
Montevideo,93409.47
Naberezhnyye Chelny,93335.1
Chuncheon,93333
Kirov,93247.54
College Park,93180.28
West Hartford,93172.19
Helsinki,93147.58
Odense,93137.25
Preston,93099.57
Henderson,93073.92
Esch-sur-Alzette,92912.21
Taitung,92895.47
Pervouralsk,92869.92
Tampa,92637.35
Newmarket,92637.32
Missoula,92609.57
Glasgow,92569.82
Pasadena,92529.32
Edwardsville,92528.76
Easton,92443.89
Ramla,92430.46
Hanoi,92339.76
Frankfurt,92310.08
York,92273.31
Arak,92236.63
Erlangen,92068.25
Krasnodar,92011.69
Kemerovo,91996.39
Haiphong,91947.87
Ingolstadt,91943.62
Kearns,91813.82
Phan Rang-Thap Cham,91764.66
Maykop,91741.53
Vallejo,91672.06
Walnut Creek,91575.51
Worthing,91574.21
Somerville,91542.65
Gig Harbor,91509.62
Luleburgaz,91503.36
Leon,91434.71
Leiden,91373.06
Chicago,91233.86
Torrevieja,91190
Helena,91138.34
Newbury,91125.7
Bursa,91088.24
Ashford,91052.29
Buffalo,91030.08
Walsall,90976.08
Qiryat Shemona,90918.94
Martinsburg,90910.93
Jeonju,90894.4
Biarritz,90886.57
Mississauga,90858.53
Stockholm,90715.78
Toronto,90665.9
Guangzhou,90651.62
Jersey City,90597.98
Warner Robins,90591.76
Nordhragota,90463.09
Amersfoort,90422.82
Hartford,90407.24
Utrecht,90363.64
Inverness,90332.5
Eastbourne,90262.66
Vung Tau,90217.93
Osnabruck,90208.96
Cartagena,90197.27
Renton,90165.72
Keelung,90089.69
Antibes,90072.38
Muban Saeng Bua Thong,90046.05
Bridgetown,90043.09
Kochi,90012.24
Baltimore,90007.8
Nottingham,89980.68
Russelsheim,89940.11
Casper,89908.58
Phoenix,89905.93
Nice,89901.18
Balashikha,89870.28
Hsinchu,89856.37
Luoyang,89835.64
Oeiras,89771.89
Kissimmee,89751.76
Dubna,89615.06
Kaluga,89613.33
Boone,89550.75
Folkestone,89543.26
Phatthaya,89459.36
Anaheim,89428.44
Pocheon,89386.47
Bucheon,89373.3
Asheville,89355.19
Ashgabat,89341.51
Zaandam,89293.21
Janakpur,89280.96
White Plains,89271.06
Aliso Viejo,89245.83
Nizhnekamsk,89191.42
Spokane,89175.35
Joplin,89147.56
Naperville,89137.04
Kostroma,89120.91
Haugesund,89082.62
Furstenfeldbruck,89073.53
Cupertino,89071.33
Gallup,88992.37
Tacoma,88956.84
Kirtipur,88901.51
Porsgrunn,88894.74
Charlottesville,88827.55
Bien Hoa,88805.95
Issaquah,88785.4
Gold Coast,88754.3
San Luis Obispo,88729.89
Bainbridge Island,88718.41
Frederikshavn,88685.73
Victorville,88682.31
Bayonne,88607.43
Bend,88598.12
Farmington Hills,88536.2
Sheffield,88527.78
Portsmouth,88526.23
Esbjerg,88502.58
Nizhniy Tagil,88428.83
Makati City,88391.24
Sangre Grande,88387.66
Oceanside,88375.42
Lake Havasu City,88352.3
Stirling,88319.48
Stanford,88317.39
Elmont,88280.77
Charlotte,88265.06
Basildon,88254.93
Cascais,88238.7
Krasnoyarsk,88210.85
East Peoria,88206.48
Corrientes,88200.45
Ibiza,88164.09
Orenburg,88159.47
Ketchikan,88075.38
Fort Collins,88065.68
Galway,88060.34
Cork,88038.76
Minneapolis,88008.01
Heist-op-den-Berg,87958.13
Royal Tunbridge Wells,87912.19
Auckland,87824.12
Les Cayes,87773.39
Mandeville,87710.62
Bonn,87696.73
Weston-super-Mare,87685.32
Lisbon,87655.72
Belgorod,87628.93
Or Yehuda,87626.62
Jacmel,87624.23
Alesund,87616.2
Bournemouth,87575.66
Tilburg,87556.59
Kingston upon Hull,87498.36
Thousand Oaks,87461.14
Eindhoven,87443.25
Hayward,87422.97
Tralee,87397.99
Charlottetown,87384.48
Kongsberg,87281.91
Izhevsk,87238.29
Breda,87227.73
Scottsdale,87177.06
Seferhisar,87128.82
Olympia,87055.01
Bowie,87028.91
Markham,87026.23
Killarney,86982.53
Hagerstown,86959.05
Drammen,86926.39
Mandaluyong City,86920.94
Tula,86900.64
Nuneaton,86843.91
Southwick,86834.51
Tempe,86775.82
Simi Valley,86751.88
Chanteloup-les-Vignes,86734.31
Carmel,86689.09
Stuttgart,86678.11
Murrieta,86662.03
Aleppo,86655.22
Triesen,86628.06
Swords,86615.9
Newark,86551.71
Yonkers,86546.3
Nykoping,86522.68
Hilversum,86458.23
Coon Rapids,86437.43
New Orleans,86421.96
Cam Pha,86387.74
Stretford,86346.64
Namur,86308.58
Erlenbach am Main,86267.32
Douglas,86266.68
League City,86223.6
Can Tho,85991.26
Putrajaya,85914.9
Drogheda,85879.44
Amadora,85771.53
Schramberg,85748.24
Istanbul,85741.1
Swieqi,85723.7
Surgut,85709.31
Bielefeld,85705.47
Como,85691.84
Novyy Urengoy,85655.29
Wakefield-Peacedale,85556.19
Cutler,85553.09
Sunderland,85459.07
Novocherkassk,85453.75
Salto,85433.1
Woodbridge,85409.28
Farsund,85409.28
Skien,85310.94
Guaynabo,85294.5
Daejeon,85244.16
Yoqne`am `Illit,85235.35
Aix-en-Provence,85149.91
Larvik,85109.32
Palm Springs,85104.45
Rostock,85070.45
Cannes,85019.63
Cologne,85002.44
Leuven,84956.01
Apeldoorn,84943.09
Plano,84898.71
Atlantida,84856.42
Carlow,84842.97
Coral Springs,84833.44
Canelones,84807.22
Sterlitamak,84797.51
Clifton,84791.23
Pokhara,84757.77
Arnhem,84714.1
Delray Beach,84679.21
Jupiter,84661.95
Kaliningrad,84656.55
Heilbronn,84627.72
Wenatchee,84566.83
Nantong,84550.09
Rutherford,84540.01
Genk,84464.78
Rasht,84464.3
Kristiansand,84417.92
Middlesbrough,84396.24
Alboraya,84372.81
Wailuku,84364.15
Fall River,84351.57
Daegu,84272.8
Wolfsburg,84271.57
Pullman,84212.63
Las Piedras,84157.4
Loon op Zand,84138.83
Kathmandu,84134.86
New City,84068.1
Hasselt,84065.55
Escondido,84062.19
Dudley,84034.88
Des Plaines,84019
Khulna,84012.76
Chattanooga,84007.15
Molde,84006.23
Edinburgh,83912.49
Antwerp,83898.18
Barcelona,83896.13
Florence,83887.72
Schwerin,83795.52
Waterford,83788.01
Setif,83764.17
Stratford-upon-Avon,83750.81
Milton Keynes,83743.29
Petrozavodsk,83741.51
Chelan,83665.23
Melbourne,83653.4
Magnitogorsk,83604.1
Pak Kret,83600.99
Differdange,83554.17
Fort Myers,83502.13
Parsippany-Troy Hills,83491.27
Nancy,83478.99
New Port Richey,83445.78
Grenoble,83425.13
Padova,83423.08
Dakar,83414.45
Mersch,83385.25
Sakarya,83372.75
Maracaibo,83352.22
Toulon,83341.26
Comilla,83311.94
Pflugerville,83273.52
Naas,83272.74
Kennewick,83225.41
Lawrenceville,83221.96
Nuuk,83216.21
Rotterdam,83184.25
Ashburn,83166.9
Rome,83108.98
McMinnville,83107.14
Redding,83064.61
Ithaca,83046.49
Christiansburg,83033.64
Brahmanbaria,82987.5
Leeds,82890.19
Tunapuna,82854.58
Liverpool,82812.2
Bologna,82807.17
Lyon,82789.47
Shakhty,82778.8
Downey,82759.64
Delft,82698.52
Kingston,82692.23
Arlington Heights,82686.43
Stamford,82684.17
Nam Dinh,82658.54
Kuala Lumpur,82655.73
Port St. Lucie,82545.65
Zhubei,82532.18
Hue,82495.71
Las Vegas,82452.98
Capua,82429.12
Spartanburg,82388.11
Taichung,82372.52
Annecy,82353.25
Stevenage,82335.77
Trieste,82285.44
Gaborone,82285.27
Reno,82277.9
Nuremberg,82240.23
Puyallup,82070.86
Bellinzona,82034.42
Oxnard,82031.38
Paysandu,82010.49
Farnborough,81990.74
Chula Vista,81949.27
Frisco,81933.75
Buon Ma Thuot,81904.62
Odintsovo,81842.21
Cesena,81829.02
Coeur d'Alene,81819.51
Tver,81814.81
Makhachkala,81790.31
Carson City,81781.1
Vernier,81764.03
Maldonado,81717.27
The Woodlands,81650.82
Zoetermeer,81644.38
Redwood City,81630.19
Prague,81554.53
Wokingham,81538.7
Erie,81535.99
Sabana Grande,81526.84
Vila Nova de Gaia,81524.67
Irkutsk,81516.72
Milwaukee,81502.95
Albufeira,81494.41
Soest,81477.94
Sanliurfa,81423.67
Lop Buri,81370.37
Chaguanas,81366.44
Vienna,81317.95
Chapel Hill,81313.88
Dunfermline,81311
Whitby,81254.43
Dallas,81246.81
Paderborn,81202.32
Dilbeek,81187.04
Nantes,81141.83
Augsburg,81124.42
Haarlem,81117.45
Bellingham,81100.5
Leigh-on-Sea,81086.84
Corona,81052.02
Durazno,81021
Djelfa,81010.1
Balzers,81009.47
Esenyurt,80981.89
Kuching,80964.02
Sao Joao da Madeira,80955.14
Edison,80953.56
Hillerod,80943.81
Kiel,80907.86
Miaoli,80883.17
Northampton,80828.34
Bac Ninh,80768.64
San Gwann,80744.05
Tubingen,80716.96
Campbell River,80676.08
Tustin,80610.25
Wiesbaden,80586.06
Mesa,80574.78
Sioux Falls,80532.51
Wolverhampton,80482.44
Chiayi,80479.82
Roseville,80446.37
Denton,80399.94
Bremen,80350.56
Indianapolis,80339.56
Berkeley Heights,80259.54
Marbella,80257.92
Ramsgate,80225.54
Nha Trang,80170.36
Louisville,80157.87
Lewisburg,80149.36
Waco,80123.88
Amman,80119.21
Tainan,80100.42
Whanganui,80099.91
Friedrichshafen,80084.42
Ames,80036.05
Chevy Chase,80017.17
Grand Forks,79961.17
Kislovodsk,79879.88
Hollywood,79864.95
Tivat,79825.66
Salzburg,79821.19
Dornbirn,79810.83
McHenry,79803.86
Conroe,79795.33
Freiburg im Breisgau,79767.68
Enschede,79704.66
Salamanca,79698.34
Mannheim,79691
Slough,79626.5
Kaka,79619.98
Bakersfield,79614.45
Kampong Cham,79609.27
Vaughan,79570.19
Waukesha,79542.98
Somers,79533.9
Detroit,79525.54
Dubai,79501.46
Salt Lake City,79483.49
Marietta,79452.57
Hangzhou,79443.79
Cottbus,79429.15
Genoa,79375.73
Villeurbanne,79329.45
Ancona,79308.94
Palm Bay,79276.86
Monza,79265.03
Metz,79254.53
Midland,79253.17
Aylesbury,79220.14
Tripoli,79207.47
Phan Thiet,79199.48
Uijeongbu,79189.51
Medford,79130.5
Fargo,79120.25
Klang,79102.19
Madrid,79092.3
Faro,79083.9
Mogi das Cruzes,79047.01
North Bethesda,79024.3
Barquisimeto,79023.24
Chatou,78989.36
Vila Franca de Xira,78984.61
Sumter,78980.31
Strasbourg,78970.82
South Orange Village,78928.76
Yaroslavl,78915.42
North Vancouver,78915.34
Ontario,78900.61
Le Bourget,78862.33
Virginia Beach,78796.12
Santo Domingo,78792.46
Foshan,78756.72
Narvik,78746.9
Noginsk,78718.43
Providence,78697.5
Bac Giang,78684.89
Terre Haute,78675.21
Arbon,78674.15
Nimes,78662.5
Al Fujayrah,78631.54
Elkhart,78617.89
Omaha,78571.63
Fairfield,78472.05
Syktyvkar,78412.62
Chachoengsao,78392.34
Wellington,78385.03
Ferney-Voltaire,78381.5
Gainesville,78361.28
El Paso de Robles,78291.5
Funchal,78290.97
Falkirk,78281.93
Cao Lanh,78276.45
San Carlos de Bariloche,78265.06
Biella,78261.39
Tokyo,78249.12
Trowbridge,78247.23
Murmansk,78236.63
Jacksonville,78233.48
Syracuse,78226.81
Uppsala,78184.59
Ann Arbor,78173.04
Sliema,78167.14
Tomsk,78163.83
Aberdeen,78162.95
Lysa nad Labem,78129.47
Framingham,78092.33
Juneau,78070.9
City of Paranaque,78065.74
Setagaya,78056.06
Tulsa,78052.91
Jiangmen,78019.56
Hai Duong,78014.42
Melaka,77995.5
Liege,77990.69
Kurgan,77976.22
Suphan Buri,77954.64
Bremerton,77944.64
Aurora,77942.43
Nanjing,77931.54
Raleigh,77904
Edgewood,77895.32
West Palm Beach,77887.18
Caracas,77874.59
Potsdam,77862.42
Rivera,77827.38
Glarus,77802.1
Vaasa,77801.21
Cheltenham,77788.76
Wageningen,77785.15
Clearwater,77765.09
Norfolk,77760.4
Aarschot,77737.88
Treviso,77725.31
Halle,77722.91
Perm,77712.3
East Lake,77707.1
Glyfada,77660.73
Maastricht,77613.11
Mojokerto,77606.1
Tacuarembo,77585.08
Fort Worth,77541.23
Petaling Jaya,77502.18
Brea,77485.24
Orillia,77482.85
Fresno,77477.71
Trenton,77431.65
Arima,77423.28
Huntsville,77404.43
Hannover,77403.55
Pforzheim,77399.47
Warrington,77397.46
Turin,77388.18
Muntinlupa City,77382.08
Noumea,77368.31
Mostoles,77349.1
Roatan,77324.58
Chandler,77271.28
Pittsburgh,77271
Wonju,77256.19
Westerville,77252.57
Fuenlabrada,77191.62
Norristown,77190.78
Tizi Ouzou,77190.06
Prince Albert,77149.47
Mission Viejo,77125.5
Binghamton,77103.82
Stoke-on-Trent,77090.64
Wiltz,77085.83
Aschaffenburg,77085.68
Egersund,77085.52
Novorossiysk,77039.17
Voronezh,77006.51
Salzgitter,77000.89
Little Rock,76950.16
Lihue,76916.98
Changwon,76906.08
Clovis,76869.14
Crailsheim,76867.52
Cary,76866.63
Ridgecrest,76846.3
Haikou,76846.11
Albuquerque,76845.41
Emmen,76822.46
Morristown,76813.94
Grand Rapids,76763.64
Port of Spain,76759.32
Poole,76726.75
Imus,76725.56
Orlando,76722.38
Temecula,76653.87
Chichester,76647.52
Bratislava,76616.63
Colorado Springs,76616.38
Uzwil,76506.96
Surprise,76489.74
Garden Grove,76430.96
Dumfries,76408.72
Plymouth,76388.76
Carson,76387.71
Castelo Branco,76374.5
Greifswald,76371.41
Blue Island,76346.78
Kamloops,76332.9
Kelowna,76332.51
Nakhodka,76274.3
Batu Pahat,76273.56
Broomfield,76262.04
Coimbra,76223.35
Tampere,76108.14
Irving,76009.18
Aalen,75929.3
Rutherglen,75880.47
Brunswick,75876.6
Cuneo,75873.31
Oakville,75844.69
Newcastle,75843.77
Lehi,75826.42
Monchengladbach,75824.79
Kopavogur,75790.83
Coventry,75777.6
Maia,75775.91
Cleveland,75771.87
Eskisehir,75748.71
Samut Prakan,75734.17
Flensburg,75726.62
Visp,75702.3
Road Town,75697.55
Vercelli,75669.07
Danville,75629.43
Butwal,75613.31
Pori,75610.57
Porto,75588.66
Eugene,75586
Adelaide,75545.96
Muar,75541.46
Doha,75539.5
Lille,75526.88
South Ockendon,75500.56
Barnaul,75489.51
Hildesheim,75469.14
Flagstaff,75462.79
Amalfi,75459.81
Montpellier,75458.15
Bedford Heights,75430.38
Mount Lebanon,75426.89
Saratoga,75424.51
Tongshan,75420.04
Jena,75393.28
Mikkeli,75379.06
Derby,75377.79
Trento,75361.19
Ulyanovsk,75337.94
Pau,75318.23
Rochester,75314.73
Oyster Bay,75306.28
Albertville,75274.27
Black River,75262.74
Balikesir,75228.42
Innsbruck,75225.7
Toulouse,75221.74
Heerlen,75217.57
Gzira,75209.71
New Braunfels,75073.07
Eldersburg,75016.84
Shah Alam,74995.25
Fredericton,74968.56
Nizhniy Novgorod,74943.45
Puerto La Cruz,74938.65
McKinney,74911.52
Bozeman,74905.47
Zabbar,74903.84
Harrogate,74889.12
Larnaca,74885.36
San Giorgio a Cremano,74841.89
Bentonville,74825.19
Sanya,74819.53
San Martin de los Andes,74808.31
Rimini,74806.96
Perth,74784.53
Le Mans,74779.16
Goes,74707.86
Kayseri,74659.13
Rocky Mount,74647.34
Den Helder,74632.13
Lodi,74577.39
Napier,74503.83
Uherske Hradiste,74503.72
Pisa,74449.77
Malatya,74449.64
Ankara,74437.7
Shenyang,74434.52
Sudbury,74428.41
Jeffersonville,74427.07
Chesapeake,74392.94
Hameenlinna,74375.69
Lahti,74365.12
Attard,74352.05
Guildford,74327.05
Watsonville,74320.96
Aachen,74289.7
Barrie,74271.44
Burnaby,74253.8
Barnsley,74237.54
Valletta,74157.05
Ottawa,74134.25
Dordrecht,74108.5
Turku,74094.58
El Centro,74093.95
Mainz,74083.38
Airway Heights,74073.83
Innisfil,74069.49
Akureyri,74067.3
Floriana,74052.18
La Chaux-de-Fonds,74037.7
Bordeaux,74004.46
Dresden,73938.63
Port Jefferson,73926.4
Nanning,73878.94
Abu Dhabi,73833.2
Tekirdag,73822.53
Bradford,73817.73
Tallahassee,73810.3
Coquitlam,73797.19
Lilongwe,73774.73
Krabi,73770.01
Bourgoin-Jallieu,73765.39
Papeete,73731.71
Fukuoka,73710.52
Jyvaskyla,73703.91
Avignon,73686.83
Corpus Christi,73685.5
Badalona,73679.56
Marshfield,73657.04
Corvallis,73633.08
Celle,73625.34
Mugla,73622.47
Venice,73616.54
Lipetsk,73603.13
Tucson,73600.88
Toda,73593.53
Zwickau,73575.07
Nijmegen,73536.39
Canberra,73520.08
Samsun,73502.11
Karlsruhe,73454.02
Lincoln,73444.22
Hilo,73436.85
Welwyn Garden City,73408.07
Anchorage,73385.48
Siggiewi,73376.53
Stourbridge,73329.78
Madison,73317.86
Leiria,73293.38
Tambov,73279.7
Shrewsbury,73247.43
Sungai Petani,73235.57
Figueira da Foz,73222.88
Guyancourt,73212.16
Macon,73205.94
Zlin,73176.49
Busan,73145.21
Stockton,73138.16
Setubal,73099.46
Belfast,73091.56
Nagoya,73087.35
Lupeni,73072.1
Kahului,73059.97
Rocklin,73032.26
Riverside,73011.44
Brno,72999.29
Pueblo,72971.78
Mulhouse,72970.67
Prescott,72946.89
Aosta,72934.53
Sechelt,72908.74
Manado,72894.49
Bishops Stortford,72886
Brampton,72883.65
Kaohsiung,72877.48
Solihull,72856.91
Suginami-ku,72818.48
Debre Zeyit,72799.37
Sugar Land,72789.01
Nakhon Sawan,72753.47
La Mesa,72727.84
Dhaka,72719.44
Phuket,72704.69
Salvador,72689.8
Gaziantep,72653.61
Manisa,72542.14
Passaic,72524.23
Fowler,72435.97
Winston-Salem,72412.23
Tunis,72386.69
Centreville,72374.4
Seinajoki,72357.03
Allentown,72318.09
Tarxien,72313.53
Shizuoka,72312
Kansas City,72297.58
Liberec,72290.27
Bregenz,72277.19
Sevilla,72268.24
Mobile,72265.7
Baguio City,72233.67
Verona,72231.06
Mountain Home,72202.19
Giessen,72149.13
Torres Vedras,72135.88
Tienen,72131.05
Rockhampton,72120.17
Brescia,72103.85
Durham,72097.81
San Sebastian de los Reyes,72092.49
Tangerang,72066.65
Porvoo,72033.82
Maputo,72009.77
Bogor,71997.62
Schiedam,71978.77
Laiwu,71958.14
Gloucester,71952.16
Chungju,71933.64
Wixom,71926.67
Carrara,71897.17
Malaga,71869.62
Recklinghausen,71862.8
Kokkola,71841.96
Kingsport,71831.02
Ljubljana,71821.67
Stillwater,71777.36
Beaverton,71753.46
Dendermonde,71702.65
Costa Mesa,71690.19
Hagen,71664.75
Decatur,71630.23
Russellville,71621.09
Pyeongtaek,71578.64
Bozhou,71558.76
Ponce,71546.48
Alessandria,71539.05
Kursk,71504.95
Brisbane,71489.7
Huelva,71471.97
Savannah,71423.96
Gwacheon,71413.03
Jurmala,71407.25
Izmir,71383.21
Kyongju,71382.12
Summerside,71371.59
Jakarta,71365.71
Treviglio,71357.5
Pasco,71356.8
Birkirkara,71333.94
Medan,71329.85
Queluz,71317.22
Paterson,71311.68
Kuantan,71311.11
Albany,71302.31
Diekirch,71296.55
Vero Beach,71263
Halifax,71231.84
Viareggio,71209.87
Telford,71191.02
Gaithersburg,71179.96
Siracusa,71175.85
Dundee,71151.67
Rapid City,71145.34
Columbia,71122.51
Graz,71120.95
Corby,71099.82
Helsingborg,71075.71
Dunedin,71068.07
Viana do Castelo,71054.66
Fayetteville,71047.81
Kuopio,71044.61
Concord,71036.98
Balakovo,70959.04
Kluang,70956.94
Butterworth,70913.37
Blackpool,70912.06
Ansan,70911.27
Hereford,70909.43
Stavropol,70882.69
Fortuna Foothills,70856.42
Torrington,70846.49
Shepparton,70821.65
Gurabo,70817.03
Imola,70795.44
Linz,70774.5
Langley,70772.44
Newport,70768.33
Dzerzhinsk,70698.57
Zwolle,70689.62
Mesquite,70676.12
Mooresville,70675.86
Glazov,70673.45
Trier,70652.05
Pavia,70647.16
Cincinnati,70640.18
Lecce,70622.06
Solikamsk,70609.08
Teaneck,70606.47
Gothenburg,70602.11
Rovaniemi,70573.46
Sassari,70556.64
Kassel,70550.81
Batavia,70508.04
Agia Paraskevi,70507.34
Christchurch,70496.57
Roeselare,70444.38
Warsaw,70427.53
Deerfield Beach,70403.67
Parma,70389.72
McLean,70376.27
Cheboksary,70375.98
Appleton,70374.67
Denpasar,70363.29
Overland Park,70357.09
Porirua,70333.66
Conyers,70316.4
Wexford,70305.15
Tours,70272.69
Memphis,70225.76
Leipzig,70209.45
Grevenmacher,70193.7
McAllen,70185.45
Jessore,70172.57
Antalya,70168.09
Yoro,70167.08
El Progreso,70159.47
Ludwigshafen,70149.43
Rajshahi,70137.47
Veenendaal,70111.97
Longford,70106.75
Chengdu,70103.31
Silver Spring,70080.32
Bergamo,70079.28
Keflavik,70072.96
Islip,70061.93
East Rutherford,70054.3
Cottonwood Heights,70038.43
Harrisonburg,70010.83
Hamrun,70004.96
Watertown Town,70003.51
Kuala Terengganu,69984.98
Riga,69977.68
Rennes,69952.13
Cagliari,69946.59
Pinerolo,69930.59
Kocaeli,69925.37
Toowoomba,69916.44
Hillsboro,69908.82
SeaTac,69897.56
Kota Kinabalu,69895.51
Qingdao,69893.66
Utica,69885.11
Yuba City,69881.09
Kalach-na-Donu,69879.86
Le Roy,69851.07
Loei,69841.7
Perpignan,69823.75
Iowa City,69808.78
Tarragona,69790.13
Pahrump,69752.5
Sassuolo,69739.56
Kajaani,69738.88
Taguig City,69717.38
Vicenza,69674.21
Naples,69671.11
Hua Hin,69659.09
Seremban,69653.74
Aveiro,69652.17
Mosta,69650.86
Kyle,69592.4
Port Laoise,69591.02
Lacey,69554.42
Kotka,69539.26
Cabimas,69536.67
Nanaimo,69532.63
Fort Wayne,69518.18
Marsaxlokk,69513.58
Osaka,69509.16
Lousada,69504.78
Adana,69501.87
Estepona,69490.9
Calgary,69483.68
Shoreline,69471.07
Ko Samui,69461.9
Wetzlar,69452.95
Cookeville,69449.23
Imgarr,69410.08
Crewe,69403.6
Marikina City,69401.43
Maoming,69391.3
Arezzo,69369.65
Flanders,69364.74
Salford,69327.41
Rouen,69315.65
Bintulu,69310.33
Mission Bend,69309.58
Kortrijk,69307.06
Wichita,69304.23
Munster,69282.58
Coffs Harbour,69263.99
Changchun,69249.67
Odivelas,69207.03
Idaho Falls,69197.31
Pohang,69189.59
Pordenone,69175.05
Lucena,69157.95
Angeles City,69136.64
Yelm,69129.56
Vilnius,69115.79
Ocala,69092.02
Miri,69074.82
Ballarat,69023.91
Albacete,68983.45
Ambato,68971.55
Montreal,68935.78
Luanda,68885.74
Bandar Lampung,68859.68
Belluno,68842.79
Girona,68829.35
Norwich,68829.33
Bekasi,68818.63
Diego Martin,68811.46
Chico,68799.49
Fort-de-France,68786.89
Bruges,68782
Nagano,68779.88
Tuscaloosa,68764.1
Trabzon,68749.12
South Bradenton,68748.85
Gulfport,68705.02
Udine,68692.12
Pesaro,68662.75
Vladikavkaz,68651.32
Caen,68634.89
San Bernardino,68617.43
Gijon,68591.54
Asti,68589.13
Leicester,68588.99
Alor Setar,68587.18
Jefferson City,68519.17
Vantaa,68518.69
Tallinn,68502.17
Oviedo,68498.09
Clermont-Ferrand,68487.08
Kent,68425.87
Cirebon,68410.6
Solingen,68408.77
Willemstad,68396.55
Kalamazoo,68390.78
West New York,68355.42
Loja,68330.44
Lawrence,68324.77
Drobak,68312.31
Johor Bahru,68298.89
Neerpelt,68221.12
Deltona,68206.14
Rocky Hill,68175.48
Udon Thani,68163.74
Castlebar,68160.59
Karlovy Vary,68110.3
Salerno,68092.82
Schaumburg,68085.41
Damascus,68074.78
Merignac,68032.74
Philipsburg,68013.25
Olomouc,68001.07
Mersin,67983.62
Beinasco,67965.51
Grand Junction,67958
Watford,67932.56
Ordu,67915.65
Everett,67911.89
Sharjah,67907.73
Dubrovnik,67842.85
Brownville,67827.13
Walla Walla,67818.16
Stockton-on-Tees,67716.57
Yerevan,67716.25
Feira de Santana,67679.42
Nashua,67672.73
Angers,67618.87
Malmo,67603.4
Saitama,67599.77
Az Zabadani,67586.77
Killeen,67577.51
Marmara Ereglisi,67569.4
Lexington,67536.8
Evora,67531.78
Bilbao,67501.97
Arese,67492.3
Couva,67487.08
Beverly,67445.42
Pematangsiantar,67436.8
Oldenburg,67426.12
Sunny Isles Beach,67425.44
Yucca Valley,67417.86
Lakewood,67340.81
Gisborne,67334.04
Umea,67330.35
Saransk,67324.12
Thonon-les-Bains,67283.35
Mullingar,67256.55
Nadur,67243.51
Zhongshan,67220.54
Pyongyang,67213.81
Tupelo,67201.58
Prachuap Khiri Khan,67160.48
La Garenne-Colombes,67155.78
Zephyrhills,67127.62
Al `Aqabah,67120.99
Saronno,67083.82
Zagreb,67068.94
Yoshkar-Ola,67041.96
East London,67011.24
Almeria,66992.08
Chongqing,66935.83
Duisburg,66920.15
Ravensburg,66910.17
Sheridan,66909.5
Vaxjo,66909.43
Vila Real de Santo Antonio,66905.58
Athens,66847.82
Ajax,66826.42
Brasilia,66819.63
Leverkusen,66815.34
Belleville,66804.75
Eureka,66789.9
Himeji,66787.32
Mechanicsburg,66767.12
Tartu,66752.38
Nefteyugansk,66747.48
Colmar,66743.18
Blenheim,66731.53
Olbia,66722.02
North New Hyde Park,66714.19
Bussum,66698.93
Merida,66695.55
Cape Canaveral,66684.45
Rancho Santa Margarita,66681.59
Limassol,66674.65
Panama City,66641.31
Cangzhou,66639.77
Artvin,66628.35
Kutahya,66625.51
Wollongong,66604.81
Wuhan,66583.11
Nelson,66580.18
Evans,66524.67
Edirne,66471.78
Baton Rouge,66467.32
's-Hertogenbosch,66433.51
High Wycombe,66433.1
Novara,66431.2
Guanajuato,66388.55
Piacenza,66367.96
Ede,66343.35
Aversa,66326.83
La Linea de la Concepcion,66322.94
Lower Hutt,66316.05
Wilhelmshaven,66306.83
Ipoh,66289.56
Banff,66242.19
Taunton,66232.24
Sao Paulo,66224.68
Burnley,66223.19
Big Rapids,66220.86
Saarbrucken,66216.09
Munxar,66206.57
Pembroke Pines,66204.68
Roanoke,66110.31
Braga,66107.79
Roermond,66094.99
Nanchang,66087.6
Saginaw,66085.56
Recife,66064.87
Schweinfurt,66056.7
Marseille,66049.53
Egg Harbor,66047.57
Dortmund,66041.01
Acworth,66033.18
Doylestown,66027.29
Steyr,66020.54
Herentals,66005.54
Fuengirola,65997.23
Westgate,65977.94
Gavle,65956.33
Harare,65934.99
Orem,65925.11
East Rancho Dominguez,65919.22
Poitiers,65893.52
Ventimiglia,65874.7
Gastonia,65864.13
Monaghan,65862.85
Arecibo,65854.37
St. Catharines,65852.23
Reggio Emilia,65839.41
Bremerhaven,65822
Barletta,65781.35
Bloomington,65774.56
Alghero,65758.07
IJmuiden,65743.02
Saanich,65724.16
Modesto,65699.95
Buford,65686.83
Pamplona,65678.4
Bandung,65661.04
Aalst,65647.69
Brindisi,65626.38
Sabadell,65614.57
Elkton,65611.56
Karabuk,65596.72
Voghera,65556.73
Siena,65555.59
Xaghra,65538.37
Magdeburg,65503.76
Lafayette,65477.96
Ambon,65451.5
Lansing,65448.21
Surrey,65436.23
Etten-Leur,65415.41
Bolton,65388.76
Whistler,65359.41
Sylhet,65331.14
Alajuela,65294.2
Downingtown,65290.9
Barreiro,65289.46
Roseburg,65285.41
Schenectady,65271.02
El Cajon,65270.91
Indio,65266.32
Morioka,65264.06
Sittard,65247.1
Sri Jayewardenepura Kotte,65214.22
Kill Devil Hills,65185.27
Alicante,65168.83
Queensbury,65161.27
Valdosta,65141.7
Scranton,65139.89
Yokohama,65133.68
Winnipeg,65081.46
Salo,65077.88
Kashiwa,65043.52
Patra,65040.33
Stevens Point,65036.57
Aydin,65030.06
Echternach,64980.96
Clarksville,64949.51
Kyoto,64929.49
Banjarmasin,64921.72
Frascati,64903.32
Neuss,64890.72
Parkersburg,64882.54
Siparia,64872.28
Batticaloa,64871.77
Waipahu,64871.38
Santos,64869.51
Santander,64865.88
Sligo,64861.44
Fort Erie,64859.26
Chemnitz,64840.59
Makassar,64834.65
Aberystwyth,64805.81
Iguacu,64771.41
Alkmaar,64762.08
Jonkoping,64752.28
Matola,64733.82
Abbotsford,64699.78
Cobourg,64697.06
Huesca,64692.65
Pocatello,64681.16
Trincomalee,64680.09
Port Elizabeth,64678.36
Shymkent,64660.36
Gwangju,64659.78
Edmond,64601.31
Plzen,64598.53
Erfurt,64594.59
Caguas,64589.95
Wuppertal,64576.29
Hualien,64576.22
Blacksburg,64525.98
Coos Bay,64522.53
Kigali,64515.07
Aksaray,64502.86
Rieti,64497.58
Lake Charles,64491.63
Kolin,64479.63
Eau Claire,64455.09
Mataram,64436.87
Dothan,64431.52
Manama,64429.96
Budapest,64425.55
Qormi,64406.98
Harrisburg,64403.23
Gilbert,64380.47
St. Augustine,64373.6
Springfield,64344.17
Agartala,64328.08
Gresham,64308.8
Opfikon,64283.33
Sesimbra,64276.46
Kahramanmaras,64257.84
Abidjan,64247.7
Taraz,64209.26
Evanston,64205.22
Denizli,64199.03
Saint-Denis,64194.06
Cantu,64177.12
Cruzeiro do Sul,64173.38
Tortona,64170.35
Herceg Novi,64136.72
Bandar Seri Begawan,64089.63
Xi'an,64087.96
Hafnarfjordhur,64080.68
Summerville,64070.83
Goose Creek,64061.64
Al Wakrah,64061.33
Kawaguchi,64047.76
El Paso,64010.09
Komotini,63999.14
Queen Creek,63987.56
Darwin,63982.64
Palermo,63972.93
Rogers,63927.01
Winder,63922.76
Sonora,63922.6
Nymburk,63921.51
Newport News,63917.19
Kandy,63874.95
Ogden,63865.28
Kalmar,63862.61
Wheaton,63850.23
Zanesville,63793.74
Avondale,63793.14
Winter Haven,63775.64
Mlada Boleslav,63768.63
Oklahoma City,63744.16
Lake Ronkonkoma,63742.26
Kenitra,63727.07
Zadar,63715.31
Visalia,63684.71
Warren,63659.25
Paradise,63651.81
Vasteras,63618.51
Limerick,63608.3
High Point,63560.6
Egilsstadhir,63551.63
Lake Worth,63540.77
Bridgeport,63533.91
Maracay,63518.48
Vilvoorde,63511.16
Alpena,63507.74
Kuwait City,63482.11
Ningbo,63473.77
Saskatoon,63469.5
Cabot,63461.95
Kernersville,63461.67
Tega Cay,63457.55
Grahamstown,63453.54
Koper,63436.91
Cherry Hill,63429.32
Tourcoing,63423.32
Talence,63415.47
Manila,63377.73
Rosenheim,63350.57
Manhattan,63345.26
Nuoro,63339.75
Sivas,63316.64
Gouda,63285.54
Algiers,63277.96
Luzhou,63266.31
La Spezia,63232.83
Jarvenpaa,63227.67
Seixal,63222.9
Worms,63219.34
Youngstown,63218.35
Waycross,63213.91
Spa,63200.48
Crema,63199.62
Taranto,63189.85
Ar Ramadi,63156.42
Amiens,63146
Joensuu,63115.97
Douai,63096.3
Westmont,63094.77
Phitsanulok,63089.82
Split,63063.68
East Providence,63059.53
South Riding,63049.84
Xiamen,63038.59
Peoria,63029.78
Klagenfurt,62993.81
Volgograd,62964.4
Burgos,62946.23
Fairbanks,62915.86
Portimao,62910.25
Baniyas,62897.62
Vega Baja,62889.31
New Smyrna Beach,62878.72
Livermore,62878.05
Sao Jose dos Campos,62873.14
Hialeah,62855.34
Mulheim,62848.69
Round Rock,62844.98
Cremona,62830.49
Yorktown,62763.64
Kokomo,62763.39
Santa Maria Capua Vetere,62710.63
Yulin,62702.19
Rotorua,62652.97
Iskenderun,62650.45
Domodossola,62648.98
Dalton,62617.29
Granada,62615.91
Kaunas,62602.18
A Coruna,62598.05
Latakia,62588.96
Chiclana de la Frontera,62585.02
Sofia,62512.32
Kobe,62475.6
Guayaquil,62473.82
Domagnano,62473.06
Traverse City,62472.64
Sagamihara,62438.84
Central Falls,62436.94
Lethbridge,62421.81
Afyonkarahisar,62393.55
Xining,62392.8
Xai-Xai,62384.57
Mayaguez,62383.07
Murcia,62371.61
Johnson City,62359.61
Az Zarqa',62348.4
Bauru,62336.05
Nakhon Ratchasima,62323.19
Birzebbuga,62301.29
Abilene,62291.26
Belgrade,62283.93
Maraba,62277.56
Atlantic City,62274.06
Biysk,62263.9
Jindrichuv Hradec,62261.5
Kennesaw,62256.63
Kralupy nad Vltavou,62233.13
Tiel,62231.13
Surabaya,62216.58
Buenos Aires,62209.45
Troyes,62205.39
Isidro Casanova,62200.82
Tsu,62198.06
Leesburg,62180.14
Kendale Lakes,62175.03
Adiyaman,62141.09
Xewkija,62138.74
Pyatigorsk,62125.36
Minsk,62114.32
Bury,62112.86
Cluj-Napoca,62103.32
Webster,62072.3
Brantford,62045.8
Parnu,62040.78
Prudnik,62004.24
Brandon,61984.29
Kolobrzeg,61981.78
Basingstoke,61977.84
Plasencia,61976.74
Le Bardo,61963.69
Bucharest,61961.34
Des Moines,61939.16
Yangjiang,61936.07
Goiania,61930.32
Skelleftea,61920.22
Manukau City,61909.8
Augusta,61906.92
Focsani,61899.38
Minden,61893.18
San Marino,61886.81
Hattiesburg,61870.63
Vitoria-Gasteiz,61845.01
Jeddah,61821.92
Wyandotte,61789.69
Turnhout,61768.03
Ermezinde,61757.27
Lake City,61707.32
West Bromwich,61698.85
Zurrieq,61696.56
Oliveira de Azemeis,61694.64
Passau,61683.75
Yantai,61657.78
Canakkale,61640.46
Media,61640.33
Monterey Park,61626.01
Wood-Ridge,61602.03
Weifang,61594.1
Masvingo,61594.09
Lubbock,61586.81
Fort Dodge,61569.46
Ichikawa,61547.22
Gyumri,61545.25
Zutphen,61541.5
Depok,61536.15
Aracaju,61526.28
Mostaganem,61523.57
Scunthorpe,61512.5
Arapiraca,61507.2
Waitakere,61506.18
Ocean,61495.13
Dabrowa Gornicza,61493.2
Palm Coast,61489.48
Wroclaw,61482.19
Kawasaki,61479.35
Odessa,61478.41
Manta,61431.6
Bari,61431.44
Lexington Park,61429.78
Poughkeepsie,61425.4
Caldas da Rainha,61414.13
Sousse,61383.26
Dessau-Rosslau,61359.11
Massapequa,61339.92
Irbid,61321.51
Moultrie,61320.59
Wichita Falls,61320.45
Nafpaktos,61312.58
Cosenza,61293.12
Marburg,61290.99
Semarang,61254.11
Fgura,61239.14
Tianjin,61235.62
Wuxi,61226.37
Boscoreale,61225.91
Mirano,61218.97
Cittadella,61190.28
Zeist,61181.32
Ceske Budejovice,61148.26
Carlisle,61144.9
Manresa,61123.89
Villacidro,61123.19
Gebze,61100.87
Goldsboro,61090.95
Saratoga Springs,61090.18
Alice Springs,61017.32
Champaign,61015.92
Sterling Heights,61000.64
Riyadh,61000.3
Livigno,60997.46
State College,60994.43
Cherepovets,60977.13
Bruchsal,60912.02
Oshkosh,60909.15
Monument,60904.31
Xghajra,60902.45
Nalchik,60877.74
Harlow,60872.47
Rotherham,60870.52
New Bern,60844.49
Jaramana,60823.21
Fuzhou,60817.28
Haapsalu,60814.56
Bujumbura,60810.08
Altoona,60800.17
Avezzano,60790.87
Billings,60734.17
Baldwin,60715.24
Trencin,60705.33
Miyazaki,60698.92
Huddersfield,60696.93
Santo Andre,60680.95
Hobart,60665.43
Ibb,60660.21
Cedar City,60657.84
Kilkenny,60619.14
McAlester,60557.96
Macomb,60530.17
Heredia,60527.52
Lehliu-Gara,60526.03
Targu Jiu,60526.03
El Ejido,60521.09
Nicosia,60513.83
Barueri,60509.79
Chitungwiza,60502.32
Gweru,60501.57
Mutare,60501.57
Redcliff,60501.57
Kasserine,60500
Sheboygan,60481.5
Timmins,60472.61
Modling,60410.71
Mantova,60404.81
Green Bay,60394.18
Nanchong,60386.25
Penticton,60382.54
Great Linford,60330.63
Larisa,60328.34
Osmaniye,60298.85
Ponta Delgada,60282.73
Nigde,60269.58
Roznov pod Radhostem,60240.72
Volzhskiy,60225.73
Covina,60202.78
Walbrzych,60174.07
Quito,60167.77
Kitchener,60152.96
Sinop,60145.89
Tebessa,60145.08
Weatherford,60144.57
Mataro,60116.17
Hermosa Beach,60111.64
Messina,60107.29
Porto Rafti,60106.36
Masterton,60050.95
Mezhdurechensk,60043.85
Palmerston North,60009.34
Lomas de Zamora,59985.86
Greeley,59975.55
Colleferro,59974.72
Auburn,59959.19
Siniscola,59936.02
El Bayadh,59923.97
Ulsan,59923.68
Pardubice,59922.84
Knoxville,59917.46
Limoges,59916.89
Reims,59907.89
Smithtown,59881.57
Teramo,59863.43
Lubeck,59846.76
Cimahi,59840.5
San Dimas,59813.78
Ulcinj,59718.5
Vanadzor,59717.44
Plainsboro,59683.43
Benidorm,59645.85
Prato,59645.25
Pescara,59639.68
Lakeland,59617.48
Laramie,59615.43
Carrick on Shannon,59611.61
Ruzomberok,59595.82
Zejtun,59586.14
Upland,59578.95
Elazig,59562.12
Branson,59536.29
Dezhou,59510.54
Tangail,59501.82
Nitra,59500.9
Karlskrona,59497.44
Tongeren,59487.08
Suitland,59475.72
Erzincan,59455.22
Poprad,59447.27
Campinas,59435.28
Beirut,59414.72
Corner Brook,59407.08
North Charleston,59383.02
Nelspruit,59353.19
Margaret River,59345.79
Tagum,59340.39
Pooler,59339.47
Barcelos,59327.03
Urbana,59306.34
Gdansk,59292.85
Narayanganj,59271.01
Gifu,59268.21
Viljandi,59266.43
Belize City,59265.33
Dayton,59251.01
Gharb,59248.02
Giaveno,59234.6
Bullhead City,59221.46
Segovia,59203.15
Evansville,59201.81
Abovyan,59162.7
Yogyakarta,59148.52
Dongguan,59127.06
Barreiras,59110.26
Ventspils,59101.84
Lorient,59099.4
Squamish,59095.5
Antrim,59095.48
Hradec Kralove,59094.1
Chalkida,59090.88
Florianopolis,59067.16
Mouscron,59024.99
Windsor,59008.34
Cakovec,58997.85
Ladispoli,58986.35
Jonesboro,58980.52
Gudja,58965.02
Meadville,58953.97
San Baudilio de Llobregat,58953.35
Cotabato,58945.74
Zhuhai,58937.44
Toyama,58935.73
Maringa,58895.58
Thessaloniki,58887.03
Sao Goncalo,58876.75
Orleans,58871.81
`Ajman,58863.95
Sondrio,58860.77
East Orange,58818.31
Gross-Umstadt,58815.63
Courtenay,58809.42
Catanzaro,58777.58
Buffalo Grove,58774.61
Blackburn,58747.4
Malabo,58701.31
Fairborn,58696.91
Goryachiy Klyuch,58669.77
South Fayette,58666
Thornton,58639.51
Kranj,58638.07
Chilliwack,58637.85
Balneario de Camboriu,58629.71
Longview,58570.82
Latina,58535.26
Sanski Most,58530.56
Usti nad Labem,58526.81
Northport,58519.56
Boras,58519.18
Palomares del Rio,58496.7
Bobigny,58492.11
Vacaville,58488.21
Anshan,58439.5
Bowling Green,58438.79
Liptovsky Mikulas,58367.59
Quebec City,58367.44
Thies,58350.43
Jos,58349.64
Guimaraes,58327.03
Domzale,58312.44
Zrenjanin,58311.35
Si Sa Ket,58309.74
Westborough,58298.54
Chania,58277.92
Sankt Polten,58277.55
Pontevedra,58259.74
Marysville,58251.91
Trani,58222.46
Curepipe,58208.41
Huaiyin,58206.31
Terni,58205.6
Quzhou,58204.44
Palmer,58201.9
As Sib,58200.14
Almunecar,58196.59
Sandusky,58192.95
Hammond,58176.98
Duzce,58161.29
Varazdin,58139.6
Loveland,58137.24
Gummersbach,58134.37
Reggio di Calabria,58084.47
Imsida,58054.4
Ascoli Piceno,58054.31
Sibolga,58033.83
Sarnia,58028.34
Bouake,58023.72
Benevento,58020.91
Livorno,58006.15
Peniche,58004.49
Horta,58001.06
Dalian,57978.52
Hefei,57947.9
Taubate,57946.89
Viseu,57943.47
Azua,57939.64
Antofagasta,57926.6
Lappeenranta,57906.52
Witten,57885.18
Chittaurgarh,57870.28
The Valley,57863.71
Canon City,57855.26
Kropyvnytskyi,57846.94
Aizkraukle,57839.09
Tsukubamirai,57835.37
Rio de Janeiro,57814.16
Changzhou,57773.7
Araras,57765.53
Alum Rock,57743.6
Surigao,57727.04
Leon de los Aldama,57724.86
Bismarck,57711.23
Las Cruces,57700.78
Alcira,57687.05
Regina,57671.59
Sandton,57660.3
Covilha,57616.38
Chorzow,57604.47
Kaposvar,57603.57
Pinsk,57556.93
Oral,57553.67
Braidwood,57542.53
Tolyatti,57537.26
Kavala,57467.92
Karlovac,57458.83
Bad Honnef am Rhein,57458.54
Kosice,57430.82
Biskra,57424.69
Tooele,57419.83
Ypsilanti,57378.97
Santa Isabel,57372.81
Lucca,57370.26
Biloxi,57361.46
Gdynia,57356.18
Zihuatanejo,57337.77
Kota Bharu,57316.36
Jekabpils,57316.11
Muscat,57315.39
Palaio Faliro,57304.67
Osasco,57302.74
Rockford,57302.55
Ad Dammam,57301.26
Palmdale,57260
Ferrara,57249.66
Carbondale,57249.08
Townsville,57246.15
Khartoum,57234.89
Iasi,57182.09
Modena,57176.78
Santiago de Compostela,57163.81
Mecca,57147.62
Smederevo,57144.73
Shantou,57136.8
Laredo,57116.32
Keller,57114.61
Limeira,57096.42
Gatineau,57094.73
Piotrkow Trybunalski,57062.04
Medina,57054.04
Oegstgeest,57038.51
Naxxar,57026.01
Katowice,57023.74
Kanazawa,56995.64
Oak Ridge,56978.94
Torrejon de Ardoz,56969.69
Ado-Ekiti,56923.87
Tagbilaran City,56921.24
Paulinia,56892.69
Pancevo,56889.61
Carapicuiba,56886.92
Zarautz,56879.72
Maebashi,56878.9
Kalispell,56867.42
Konya,56863.19
Ashland,56856.31
Gympie,56825.57
Davao,56806.83
Ankeny,56781.68
Elblag,56779.33
Sorocaba,56772.59
Bolintin Vale,56748.59
Curitiba,56709.85
Roodepoort,56665.3
Saraburi,56641.06
Brasov,56634.71
Pistoia,56626.32
Remscheid,56609.58
Pola de Siero,56608.97
Port-Vila,56605.26
Mexico City,56603.61
Linkoping,56587.68
Trollhattan,56572.86
Ankang,56564.65
Novelda,56556.99
Beaver Dam,56547.23
Punto Fijo,56539.81
DeLand,56539.46
La Crosse,56503.15
Izola,56496.42
Sagunto,56473.4
Chaves,56467.33
Minot,56465.12
Constantine,56454.96
Gorzow Wielkopolski,56419.26
San Pedro Garza Garcia,56394.49
Itajai,56388.97
Bugojno,56373.05
Novi Sad,56345.96
College Station,56345.52
City of Calamba,56324.25
Kobryn,56319.21
Canton,56316.87
Van,56291.63
Esmeraldas,56291.43
Akron,56263.55
Gelsenkirchen,56256.03
Mendoza,56237.65
Nove Mesto nad Vahom,56210.67
Lawton,56201.28
Xanthi,56169.91
Taylor,56147.97
Ghardaia,56132.08
Frankston,56125.48
Huntington,56124.53
Chai Prakan,56110.23
Roudnice nad Labem,56106.78
Grodzisk Mazowiecki,56098.13
Ostrava,56097.55
Tullamore,56049.55
Trikala,56028.13
Fellbach,56007.82
Horad Barysaw,56005.33
Nowra,56003.03
Elche,56001.05
Jundiai,55991.35
Hassi Messaoud,55934.75
Figueras,55900.37
Prince George,55900.26
Schwabach,55889.93
Waterbury,55884.43
Quezon City,55883.58
Oshawa,55882.13
Foggia,55845.89
Quy Nhon,55820.7
Bajos de Haina,55817.39
Rosario,55812.83
Springville,55812.47
Aviles,55811.72
Siauliai,55801.34
Bayreuth,55787.1
Twin Falls,55787.1
Taiyuan,55769.18
Ariana,55756.04
Zhengzhou,55745.17
Polva,55744.64
East Chicago,55733.62
Lovech,55732.89
Nabeul,55729.06
Ben Arous,55682.44
Osijek,55673.92
Cedar Rapids,55663.87
Poznan,55614.58
Melun,55612.6
Ceglie Messapico,55610.12
Owensboro,55599.47
Woodlawn,55578.12
Jammu,55560.4
Oita,55552.57
Coro,55546.07
Rijswijk,55528.4
Osogbo,55493.89
Marrakech,55490.55
Aracatuba,55479.64
Fano,55477.24
San Pablo,55476.21
Nur-Sultan,55473.42
Centre de Flacq,55471.92
Red Deer,55466.62
Uberaba,55460.04
Kohtla-Jarve,55458.3
Jablonec nad Nisou,55432
Pietermaritzburg,55430.19
Johvi,55428.69
Buckeburg,55397.76
Ravenna,55396.45
Jackson,55376.58
Warrenton,55369.55
Heroica Matamoros,55336.75
Vrhnika,55324.02
Hrodna,55307.57
Hat Yai,55292.03
Loures,55286.98
Canegrate,55279.6
Essen,55275.77
Mohacs,55265.83
Ennis,55246.89
Desert Hot Springs,55235.9
Orange Walk,55196
Castellon de la Plana,55192.92
Bydgoszcz,55158.76
Lake Geneva,55157.7
Jensen Beach,55146.16
Vigo,55143.22
Mortsel,55127.2
Phetchaburi,55112.79
Logrono,55089.8
Grapevine,55076.99
Rota,55063.43
Agri,55013.8
San Ignacio,55013.47
Bukit Mertajam,54995.92
Gorebridge,54995.61
Koszalin,54931.19
Kragujevac,54892.21
Rethymno,54888.69
Joinvile,54885.97
Garland,54863.1
Weymouth,54853.58
Pasay City,54844.12
Benoni,54838.2
Rakvere,54832.44
Rzeszow,54824.15
Rawa Mazowiecka,54822.62
Westfield,54771.41
Kouvola,54763.58
Invercargill,54744.33
Yukon,54743.28
Casablanca,54736.04
Cape Coral,54729.2
Jerez de la Frontera,54722.89
Barnegat,54711.32
Centurion,54679.63
Wilkes-Barre,54675.78
Prerov,54672.32
Middletown,54632.61
Wodonga,54624.56
Palatine,54616.43
Criciuma,54601.47
Bernolakovo,54594.65
Vitoria,54591.3
Merrillville,54571.69
Muskogee,54569.27
Sint-Truiden,54558.46
Campobasso,54523.83
Obninsk,54519.36
Hyattsville,54507.21
Agrinio,54488.89
Mont-de-Marsan,54471.63
Harlingen,54471.04
Ganzhou,54469.43
Launceston,54466.64
Angra do Heroismo,54439.29
El Kef,54425.63
Watertown,54417.42
Plattsburgh,54412.03
Portmore,54406.37
Ragusa,54394.05
Apopka,54382.76
Krsko,54376.9
Lulea,54375.29
Villagarcia de Arosa,54357.27
Holladay,54350.87
Bishkek,54332.4
Araxa,54328.73
Luninyets,54320.67
Caxias do Sul,54301.34
Sevierville,54297.46
Sint-Niklaas,54257.79
Grudziadz,54245.86
Roseau,54241.36
Nasushiobara,54224.53
Sao Vicente Ferrer,54198.01
Banos,54183.72
Brookhaven,54181.59
Blantyre,54141.35
Budva,54138
Woodinville,54113.86
Sisak,54092.42
Al Manaqil,54083.63
Williamsburg,54072.75
Senta,54023.1
Marquette,54022.09
Gadsden,54008.47
Highland Park,53991.97
Botucatu,53977.98
Niteroi,53937.57
Cadca,53926.42
Sundsvall,53923.8
Catania,53897.69
Potchefstroom,53894.51
Saint-Etienne,53885.49
San Angelo,53879.61
Tiznit,53871.42
Chenzhou,53850.7
Temple,53832.93
Pasig City,53828.28
Quanzhou,53812.23
May Pen,53808.56
Fort Saskatchewan,53762.61
Klerksdorp,53748.46
Palanga,53745.47
San Juan,53743.97
Whangarei,53725.24
Leskovac,53710.03
Guarda,53706.63
Cusco,53679.39
Bemidji,53669.4
Woodbury,53667.37
Bad Salzuflen,53663.9
Rijeka,53660.53
Debrecen,53652.49
Antananarivo,53640.9
Omdurman,53629.54
Banovce nad Bebravou,53625.16
Buzias,53609.67
Geelong,53609.59
Podgorica,53595.86
Vatra Dornei,53594
Guelph,53586.71
Itapevi,53569.53
Bizerte,53560.09
Sherbrooke,53541.93
Martinsville,53541.26
Jinotega,53540.57
Belo Horizonte,53531.82
Trapani,53513.54
Paphos,53499.45
Hudson,53485.96
Manavgat,53476.42
Ploiesti,53439.17
Prior Lake,53435.12
Mar del Plata,53434.35
Constanta,53433.14
Vojnik,53429.69
Fortaleza,53423.64
Frankfurt (Oder),53414.04
Jinan,53395.71
Niigata,53391.57
Cha-am,53388.01
Sioux City,53380.23
Tetouan,53376.22
Suva,53354.62
Hammamet,53273.8
Oldham,53272.83
Dasmarinas,53272.68
Guntur,53258.98
Rambouillet,53231.66
Cranbrook,53208.89
Tbilisi,53185.42
Maribor,53175.55
Taupo,53170.85
Karlstad,53135.15
Sao Bernardo do Campo,53115.07
Tipp City,53111.33
Lloydminster,53106.62
Nafplio,53101.1
Almaty,53093.07
Mytilini,53079.45
Hays,53055.34
Szczecin,53042.07
Lamia,53040.34
Shawnee,53023.36
Peristeri,53013.99
Fort Scott,52998.42
Cape Town,52990.03
Lima,52985.1
Regensburg,52973.8
Spanish Town,52968.91
Tokat,52967.11
Nova Gradiska,52957.54
Zibo,52949.18
Cuernavaca,52914.7
Taounate,52912.92
Haag in Oberbayern,52893.3
Laoag,52889.91
Caernarfon,52884.73
Khon Kaen,52884.06
Beverwijk,52880.99
Piracicaba,52875.87
Flint,52862.84
Valledupar,52853.42
Buraydah,52829.84
Vernon,52801.99
Tiffin,52799.36
Pirot,52775.89
Nova Gorica,52764.76
`Ibri,52723.37
Tauranga,52717.78
Ornskoldsvik,52714.59
Nove Zamky,52707.06
Hamamatsu,52703.71
Zonguldak,52684.31
Shreveport,52668.55
Tegucigalpa,52654.76
Pomona,52650.81
Hexham,52635.35
Almere,52616.29
Kurunegala,52600.66
Laval,52596.14
Katerini,52576.22
Terracina,52569.23
Plovdiv,52562.67
Waiblingen,52555.43
Barrechid,52531.04
Badulla,52530.34
Perugia,52528.63
Moratuwa,52517.87
Presque Isle,52517.82
Havelock,52516.67
Cariacica,52515.08
Greymouth,52509.99
Kuala Belait,52498.2
Chlef,52477.07
Bad Nauheim,52476.42
Erzurum,52421.54
Porto Calvo,52413.46
Half Way Tree,52403.2
Tlaxcala,52367.85
Atibaia,52361.42
Kazanlak,52359.18
Medea,52353.6
Ioannina,52350.37
Myrtle Beach,52335.83
Naha,52333.74
Almada,52327.82
Valinhos,52314.09
Spearfish,52292.13
Sfax,52273.99
Indaiatuba,52262.19
Varna,52253.15
Alcala de Henares,52243.42
Hyvinkaa,52226.34
Boynton Beach,52217.96
Oued Zem,52207.97
Bordj Bou Arreridj,52207.23
Belem,52188.91
Greenock,52167.26
Acquaviva,52156.47
Lanus,52126.28
Bloomfield,52121.55
Zabrze,52076.72
Veendam,52073.7
Lublin,52060.25
Matsuyama,52032.4
Kyiv,52014.67
Carlsbad,52002.19
Caloocan City,52001.85
Niles,52000.47
Rueil-Malmaison,51998.34
Klaipeda,51995.64
Comox,51967.12
Baku,51964.45
Kalasin,51954.4
Caldwell,51942.31
Qrendi,51942.27
Boulogne-Billancourt,51934.65
Hiroshima,51926.13
Norrkoping,51914.54
Savona,51900.16
Kolasin,51835
Timisoara,51826.75
Monterey,51768.76
Alexandroupoli,51761.65
Thiruvananthapuram,51761.03
Rustenburg,51755.23
Cranford,51743.47
Saint Ann's Bay,51723.24
Lelystad,51715.07
Burgas,51708.42
Fanwood,51693.33
Cassino,51668.73
Mumbai,51642.79
Guatemala City,51632.91
Bouira,51628.36
Craiova,51624.1
Vinnytsia,51602.91
Bacoor,51593.07
Lampang,51582.87
Torun,51581.61
Slovenska Bistrica,51579.42
Allahabad,51569.66
Annaberg-Buchholz,51568.8
Pula,51550.69
Taglio,51545.01
Nador,51528.29
Llandudno Junction,51511.88
Pleven,51496.99
Al Kharj,51493.03
Fort St. John,51482.77
Johannesburg,51470.71
Cairns,51449.94
Teplice,51432.48
Prince Rupert,51431.94
Lapu-Lapu City,51428.04
Azazga,51386.84
South Bend,51385.91
Giresun,51379.36
Bergisch Gladbach,51358.66
Davenport,51351.59
Rio Claro,51349.25
Sao Goncalo dos Campos,51343.29
Zilina,51338.99
Avellino,51316.22
Al Muharraq,51277.38
Sapporo,51266.82
Orvieto,51266.06
Cabanatuan City,51265.14
Jelgava,51227.37
Great Yarmouth,51226.66
Salihorsk,51214.41
Moose Jaw,51213.94
Maloyaroslavets,51197.2
Welkom,51171.1
Weslaco,51169.26
Szeged,51168.05
Cugir,51167.91
Malacky,51149.51
Al Qatif,51146.82
Tenali,51142.22
Yozgat,51135.99
Madinat Hamad,51091.16
Ica,51071.4
Eger,51058.89
Ekibastuz,51055.51
Lucenec,51031.54
Sibu,51028.41
Finale Emilia,51018.67
Mostar,51011.97
Sarajevo,51007.97
Virovitica,50992.24
Trois-Rivieres,50979.39
Bihac,50960.59
Sendai,50937.2
Cuiaba,50909.07
Al Kufah,50907.55
Caucaia,50896.69
Meycauayan,50891.41
Okayama,50874.7
Monastir,50873.38
Jaragua do Sul,50838.59
Piedmont,50821.03
Marilia,50815.33
Managua,50783.65
Oujda-Angad,50779.67
Brovary,50724.62
Toyonaka,50722.95
Pontiac,50715.46
Nikaia,50709.37
Sault Ste. Marie,50708.16
Pernik,50687.03
Durban,50674.13
Spanish Fork,50665.69
Cholpon-Ata,50655.87
Ar Rustaq,50654.95
Cergy,50617.01
Raurkela,50612.21
Grover Beach,50610.48
Galati,50605.05
Farsala,50604.46
Delta,50573.6
Antsirabe,50559.15
Rio Verde,50542.87
Germantown,50542.38
Columbia Heights,50534.03
Albert Lea,50532.42
Taza,50525
Halmstad,50519.04
Fort Pierce,50509.99
Baalbek,50500.48
Mielec,50479.42
Ubon Ratchathani,50445.82
Veszprem,50442.48
Pingliang,50435.49
Juiz de Fora,50434.31
Diriamba,50427.49
North Springfield,50402.6
Yorkton,50373.58
Lynchburg,50344.43
Joao Pessoa,50335.63
Point Pleasant,50333.86
Beni Mellal,50305.38
Dnipro,50304.93
Gafsa,50264
North Platte,50254.39
Bottrop,50237.59
Khmelnytskyi,50233.82
Mandaue City,50223.99
Tyler,50215.37
Kingman,50209.13
Slavonski Brod,50164.65
Plock,50160.66
Londrina,50147.48
Conegliano,50133.66
Normal,50123.79
Mechanicville,50108.69
Toyota,50090.78
Bialystok,50088.92
Panevezys,50085.25
Hempstead,50070.22
Mazeikiai,50049.54
Galesburg,50033.43
Paducah,50014.09
Enterprise,50012.75
Okazaki,49999.44
Maple Ridge,49986.51
Uzice,49974.45
Bhilwara,49958.77
Bhagalpur,49929.95
Sandanski,49900.9
Zhenjiang,49900.18
Targu-Mures,49886.79
Dobrich,49863.95
Mount Hagen,49860.55
Gorizia,49847.46
Charleroi,49846.42
Guarulhos,49845.15
Bekescsaba,49817.63
Ravne na Koroskem,49793.09
Lodz,49785.73
Sangju,49777
Zhanjiang,49748.59
Villiersdorp,49735.59
Pointe-a-Pitre,49725.04
Nis,49681.3
Arroyo Grande,49673.28
Erode,49666.17
Ruse,49651.75
Foster City,49645.79
Turlock,49633.03
Putian,49614.45
Lowestoft,49603.12
Jiujiang,49592.74
Zielona Gora,49591.54
Herzogenaurach,49562.22
Durres,49535.96
Balanga,49528.61
Middlesex,49526.32
Tuzla,49506.32
Baojishi,49478.73
Kirklareli,49444.53
Paralimni,49424.77
Fil'akovo,49418.29
Braila,49409.81
Hirakata,49396.8
Dunajska Streda,49358.64
Shumen,49344.52
George,49341.22
Frattamaggiore,49330.43
Pouso Alegre,49325.91
Boumerdes,49316.64
Toluca,49311.94
Santa Tecla,49280.34
Wadsworth,49279.21
Preveza,49263.59
Jiaozuo,49255.95
Dunakeszi,49247.25
Jelenia Gora,49232
Erbil,49207.34
Malaybalay,49198.39
Balatan,49177.14
Subotica,49175.35
Juba,49175.15
Narita,49141.16
Chiquimula,49128.6
Timbo,49119.53
Kalamata,49096.13
Sedalia,49094.49
Arlon,49070.51
Seaside,49062.41
Rogatec,49062.04
Sherman,49017.29
Viterbo,49008.51
Lviv,48991.4
Skopje,48989.42
Asenovgrad,48982.38
Nairobi,48933.54
Agrigento,48881.2
Hlohovec,48865.96
Broadwater,48860.56
Kherson,48839.28
Dar es Salaam,48837.98
Kirikkale,48813.1
Kremenchuk,48804.78
Moers,48799.82
Al Mubarraz,48748.55
Kuressaare,48742.4
Fairmont,48725.12
Petapa,48722.68
Caruaru,48715.2
Las Tablas,48700.07
Acheres,48688.05
Tangier,48673.12
Clearfield,48663.48
Vrnjacka Banja,48661.2
Sidon,48642.46
Orebro,48618.91
Oak Park,48591.3
Tokorozawa,48570.61
Zabljak,48563.75
Onesti,48547.8
Pazardzhik,48544.36
Celje,48535.92
Herzogenrath,48503.13
Budaors,48483.8
Neenah,48478.74
Hilton Head Island,48472.07
Sanaa,48457.18
Satellite Beach,48438.05
Kunming,48437.57
Swidnica,48411.8
Al Hawiyah,48408.63
Alpine,48403.33
Asuncion,48393.99
Uberlandia,48391.05
Grand Island,48389.3
Antipolo,48376.43
Huancayo,48360.36
Rock Springs,48346.21
Bowral,48332.26
Kings Park,48321.46
Chieti,48313.66
Zgorzelec,48304.3
Zapopan,48284.23
Saltillo,48245.17
Sayreville,48196.63
Campos do Jordao,48186.27
Amarillo,48143.55
Ternopil,48138.43
Vila Velha,48112.34
Godollo,48073.78
Canmore,48033.71
Bijeljina,48023.98
Lautoka,48023.62
Logan,48012.44
San Pedro Sula,47970.21
Povazska Bystrica,47966.76
Skofja Loka,47955.87
Naucalpan de Juarez,47947.19
Beaumont,47904.55
Marijampole,47893.72
Mokpo,47887.24
Belgaum,47881.44
Skikda,47844.13
Okinawa,47842.68
Monterrey,47841.74
Kremenets,47832.45
Nova Dubnica,47817.79
Razgrad,47809.51
Botosani,47804.19
Whakatane,47795.44
Otrokovice,47795.14
Prostejov,47794.9
Angra dos Reis,47787.92
Shijiazhuang,47777.37
Taytay,47756.08
Tirana,47739.25
Bakixanov,47735.33
Cairo,47734.69
Marigot,47707.27
Salmon Arm,47707.24
Huntington Woods,47675.35
La Serena,47669.48
Badajoz,47649.97
Bulan,47626.59
Culiacan,47618.55
Welland,47609.57
Irapuato,47607.95
Kamakurayama,47604.83
Duluth,47595.16
Weihai,47561.25
Ermoupoli,47534.08
Szekesfehervar,47525.42
Kretinga,47517.1
Shiliguri,47505.93
La Paz,47505.78
Yellowknife,47453.43
Nong Khai,47452.86
Alexandria,47434.33
White Rock,47419
Aradippou,47378.18
Lugoj,47352.84
Nanded,47350.32
Caboolture,47347.59
Tuusula,47336.93
Livonia,47331.39
Pasaje,47326.47
Zion,47298.41
Prijedor,47296.84
Piatra Neamt,47275.01
Ponta Grossa,47270
Williams Lake,47202.33
Cachoeiro de Itapemirim,47168.95
Moab,47142.42
Sonipat,47125.54
Csorna,47123.94
Puebla,47107.26
Niksic,47101.64
Kenosha,47091.67
Odawara,47081.83
Nausori,47079.03
Giurgiu,47077.64
Ivano-Frankivsk,47066.35
Mbabane,47062.26
Asyut,47061.25
Randburg,47053.39
Gniezno,47017.06
Maha Sarakham,47012.09
Ban Bang Pu Mai,46997.05
San Nicolas de los Garza,46992.15
Tlemcen,46986.96
Changde,46954.78
Cava de' Tirreni,46952.14
Ukmerge,46943.47
Tepic,46941.2
Bangalore,46894.06
Boryeong,46844.01
Los Corrales de Buelna,46825.91
Sibiu,46821.4
Lavras,46802.11
Sosnowiec,46800.66
Bhubaneshwar,46796.09
Olsztyn,46775.86
Keszthely,46775.57
Baraboo,46773.11
Harbin,46767.3
Greensburg,46758.04
Canoinhas,46754.92
Ptuj,46751.84
Pretoria,46743.73
Playa del Carmen,46735.44
Williston Park,46711.89
Paide,46708.34
Svidnik,46701.57
Chilapa de Alvarez,46696.94
San Miguel de Allende,46689.55
Velenje,46689.11
Muswellbrook,46686.11
Trinec,46631.66
Az Zawiyah,46625.81
Oradea,46572.13
Veracruz,46561.81
Zaporizhzhia,46558.08
Carei,46554.14
Quetzaltenango,46531.49
Chichicastenango,46501.19
North Bend,46486.74
Volta Redonda,46475.34
Visaginas,46475.22
Martin,46464.68
Pisco,46450.04
Port Douglas,46425
Satu Mare,46418.39
Pyrgos,46400.53
Ensenada,46390.21
Natal,46387.04
Praia Grande,46369.16
Surat,46355.52
Sequim,46355.14
Volos,46302.83
Trbovlje,46276.8
Miskolc,46274.46
Big Spring,46265.9
Linhares,46243.05
Bhavnagar,46233.72
Aguascalientes,46218.67
Blida,46217.8
Valga,46216.2
Ciudad del Este,46210.88
Burton upon Trent,46169.38
Hanford,46161.48
Topeka,46149.97
Yokosuka,46144.95
Stara Pazova,46139.88
Juarez,46136.33
Bahia de Caraquez,46130.15
General Santos,46128.07
Abaete,46119.76
Khoni,46115.28
Samtredia,46115.28
Divonne-les-Bains,46110.23
Biratnagar,46078.34
Gonbad-e Kavus,46074.26
Al Khubar,46062.23
Navapolatsk,45997.69
Nuevo Laredo,45981.55
Yorkville,45963.15
Drohobych,45934.12
Prizren,45910.75
Mohammedia,45903.49
Bell Gardens,45885.53
Ulaanbaatar,45845.97
Utena,45816.27
Araraquara,45812.69
Sao Jose do Rio Preto,45809.08
Wausau,45727.32
Blagoveshchensk,45712.98
Mascouche,45673.8
General Trias,45632.88
Tetovo,45606.2
Auburndale,45544.49
Copiapo,45536.68
Punakha,45535.02
Bahia Blanca,45534.38
Shibin al Kawm,45531.68
Pecs,45524.63
Radviliskis,45521.9
Al Jahra',45481.61
Bartin,45470.23
Chiclayo,45457.39
Szekszard,45425.08
Baabda,45419.35
Zahle,45405.79
Bejaia,45390.78
Castries,45387.34
San Luis Potosi,45383.06
Gevgelija,45379.75
Lomza,45363.29
San Jose del Monte,45350.04
Itapetininga,45335.88
Urumqi,45334.33
Alberton,45314.55
Hayesville,45302.09
Pitesti,45298.98
Sumqayit,45235.77
Jihlava,45231.09
Moline,45224.4
Bloemfontein,45219.35
Visby,45203.77
Cuautitlan Izcalli,45203.04
Cranbourne,45196.66
Chihuahua,45188.21
Baranavichy,45183.67
Wrightsville,45148.37
Arfoud,45139.93
Hermosillo,45138.5
Saint John's,45134.58
Guelmim,45128.37
Winona,45122.48
Granby,45118.97
Indija,45095.56
Beloit,45090.2
Cody,45050
Nagykanizsa,45035.66
Guelma,45026.8
Glendora,45021.86
Botevgrad,45008.13
Port Harcourt,44974.13
Stone Mountain,44969.37
Cotia,44965.83
Ciechanow,44962.36
Zepce,44949.03
Farmington,44947.78
San Luis Rio Colorado,44935.1
Dispur,44926.65
Kisumu,44919.25
Klamath Falls,44914.54
Cornwall,44895.89
Rimouski,44892.74
Woonsocket,44858.34
Passo Fundo,44842.33
Valjevo,44839.78
Cajamarca,44825.45
Cagayan de Oro,44821.62
Arequipa,44812.85
Ba`qubah,44802.54
Uitenhage,44795.62
Brentwood,44775.59
Uzhhorod,44749.9
Sterling,44737.87
Acapulco de Juarez,44727.61
Patna,44721.24
Bitola,44692.66
Novo Mesto,44672.5
Governador Valadares,44672.11
Mentor,44670.02
Rancagua,44652.14
Gyor,44618.65
Gillette,44618.02
Nallacheruvu,44617.47
Gostivar,44609.68
Toyohashi,44607.16
Trebisov,44596.31
Haskovo,44590.71
Kecskemet,44588.77
Campo Grande,44565.26
Bacau,44557.95
Dushanbe,44543.96
Struga,44537.76
Iloilo,44535.41
Resita,44519.12
San Lorenzo,44489.51
Svishtov,44478.32
Mosul,44471.39
Khujand,44471.34
Kerrville,44460.62
Jamestown,44456.85
Thimphu,44452.23
Cebu City,44448.37
Cabo Frio,44433.18
Maladzyechna,44397.93
Crown Point,44390.94
Sorrento,44379.84
Otsu,44357.3
Migori,44346.42
Gliwice,44343.82
Cisterna di Latina,44338.96
Sombor,44284.78
Karvina,44261.15
Legnica,44250.98
Nembro,44241.89
Nagasaki,44235.75
Gurgaon,44217.77
Cavite City,44216.89
Chisinau,44198.39
Alba Iulia,44171.39
Harnosand,44158.79
Itu,44156.84
Marawi City,44139.62
Corleone,44091.7
Quimper,44058.06
Pristina,44047.83
Rio Branco,44047.62
Drobeta-Turnu Severin,44022.33
Bistrita,44009.21
Lysychansk,44004.8
Ecatepec,43999.68
Moncton,43988.81
Benalmadena,43978.7
Tychy,43973.76
Matruh,43920.27
Tashkent,43908.62
Saguenay,43899.45
Panaji,43897.83
Siguatepeque,43893.08
Havirov,43880.3
Banska Bystrica,43855.67
Whitehorse,43831.79
Buzau,43826.59
Agadir,43825.65
Madona,43825.58
Sfantu-Gheorghe,43781.13
Miercurea-Ciuc,43781.06
Celaya,43771.61
Bunbury,43760.51
Cacak,43715.07
Rochdale,43706.22
Medellin,43700.42
Lucknow,43696.84
Hodmezovasarhely,43682.93
Taourirt,43655.11
Sakon Nakhon,43651.8
Ksar El Kebir,43649.49
Ramnicu Valcea,43647.65
Zugdidi,43643.53
Ludhiana,43613.17
Puerto Vallarta,43605.77
La Rochelle,43591.54
Bytom,43587.08
Tarnow,43585.56
Banja Luka,43585.1
Bamberg,43581.96
Morgan City,43579.11
Yakima,43571.18
Cherkasy,43544.1
Daqing,43526.24
Hamm,43506.23
Bielsko-Biala,43493.93
Kharkiv,43482
Castlegar,43476.04
Siedlce,43461.51
Ribeirao Preto,43442.07
Pingdingshan,43399.27
Serra,43360.42
Crikvenica,43341.56
Alytus,43331.76
Jeju,43326.91
Babahoyo,43313.01
Chartres,43305.6
Jijel,43300.59
Wigan,43289.46
Cochabamba,43277.97
Kruje,43238.74
Rezekne,43232.56
Andorra la Vella,43231.22
Vryheid,43222.39
Zvolen,43213.33
Coquimbo,43210.39
Cuautla,43208.43
Boyes Hot Springs,43196.36
Pontianak,43175.49
Bundaberg,43139.33
Dourados,43138.09
Bila Tserkva,43130.61
Pickering,43108.79
Sliven,43072.37
Pekanbaru,43071.31
Barda,43067.95
Gabes,43061.25
Delhi,43042.66
Delaware,43009.68
Malden,42987.68
David,42976.49
Port Said,42950.03
Olinda,42943.65
Yevlax,42935.8
Melito di Porto Salvo,42933.28
Kardzhali,42858.75
Lusaka,42798.46
Sa`dah,42796.85
Ta`izz,42796.85
Blagoevgrad,42763.97
Barlad,42742.65
Baoding,42673.39
Sremska Mitrovica,42662.97
Piedras Negras,42656.53
Hormigueros,42629.19
Prievidza,42608.44
Parana,42607.62
Tiaret,42570.24
Queretaro,42568.5
Jaipur,42562.08
Shimla,42511.1
Rajkot,42497.33
As Salt,42481.46
El Jadid,42456.97
Debar,42442.06
Agra,42383.47
Samarkand,42308.04
Curico,42301.56
Meknes,42296.82
Szolnok,42284.88
Kailua,42282.86
Chennai,42280.72
Chilpancingo,42253.53
Colima,42253.31
Francisco Morato,42251.5
Villahermosa,42242.02
Getafe,42236.79
Zupanja,42226.42
La Ronge,42199.45
Cali,42180.7
Petropolis,42166.64
Ciudad General Escobedo,42152.01
Koblenz,42109.08
East Stroudsburg,42092.23
Kamnik,42074.76
Vranov nad Topl'ou,42065.9
Jaszladany,42049.77
Chittoor,42048.95
Roxas City,42013.26
Tijuana,42002.48
Sakiet ez Zit,41989.41
Hyderabad,41967.89
Qostanay,41952.8
Prilep,41937.68
Veliko Tarnovo,41931.71
Tinsukia,41920.77
Vrsac,41901.34
Varanasi,41886.57
Busselton,41867.64
Tarlac City,41857.02
Gabrovo,41844.6
Morelia,41832.78
Silistra,41831.46
Contagem,41829.63
Ahmedabad,41806.54
Paro,41797.66
Valparaiso,41776.14
Cetinje,41733
Torrox,41731.26
Reynosa,41644.69
Siofok,41628.97
Batna,41614.48
Waterville,41565.14
Georgetown,41563.4
Zacatecas,41545.56
Ain Taoujdat,41543.95
Vrbas,41539.39
Padang,41534.86
Manzini,41528.87
North East,41519.89
Zalau,41519.28
Molndal,41449.73
Odesa,41444.63
Bochum,41435.52
Yambol,41420.48
La Ceiba,41400.4
Donetsk,41362.82
Dandenong,41331.62
Ban Rangsit,41242.54
Levice,41225.3
Baia Mare,41224.42
Varazze,41148
Skovde,41136.69
Teresopolis,41106.59
Laghouat,41104.59
Cesky Krumlov,41074.63
Paramaribo,41073.32
Vaslui,41070.23
Devonport,41049.77
Pune,41044.94
Torreon,41022.74
Radovis,40917.41
Gulbene,40910.12
Cancun,40901.9
Gongzhuling,40894.72
Tasikmalaya,40833.29
Chetumal,40761.1
Chernihiv,40745.43
Faridabad,40740.02
Czeladz,40735.4
Mandalgovi,40730.68
Pachuca,40665.57
Al Hufuf,40627.99
Sopron,40608.35
Vlore,40555.8
Presov,40514.46
Benghazi,40511.56
Ait Melloul,40509.27
Famagusta,40504.51
Resistencia,40481
Mexicali,40432.49
Moquegua,40427.63
Raseiniai,40367.91
Kawagoe,40322.58
Szombathely,40305.39
Radom,40273.46
Cape Girardeau,40218.06
Hubli,40217.58
Braine-l'Alleud,40157.8
Barranquilla,40137.94
Fushe-Kruje,40028.94
Ewell,40014.96
Choloma,39986.05
Negotino,39977.86
Koprivnica,39947.2
Linyi,39939.7
Dumaguete City,39934.85
Haldia,39910.58
Oskemen,39864.68
Anantapur,39854.98
Suceava,39850.71
Kolkata,39806.99
Temuco,39751.25
Tlalnepantla,39727.56
Capljina,39725.48
Rybnik,39707.96
Jendouba,39682.38
Santa Marta,39681.69
Deva,39675.69
Bra,39634.43
Clinton,39600.51
Zhytomyr,39588.14
Kumanovo,39554.77
Sosua,39554.17
Streamwood,39498.88
Salalah,39489.83
Novi Pazar,39476.21
Jaen,39470.67
Osorno,39406.91
Castroville,39391.27
Gela,39310.56
Lecco,39290.49
Bogota,39284.38
Weingarten,39273.47
Tampico,39247.44
Enugu,39240.6
Tanta,39226.02
Compiegne,39223.47
Swabi,39212
Santa Fe,39207.86
Guilin,39206.92
Karamay,39199.25
Thane,39189.04
Bacolod,39140.43
Pabianice,39065.71
Vereeniging,39056.33
Ahvaz,39054.63
Jamnagar,39052.5
Lankaran,39038.32
Malang,39026.91
Swakopmund,38996.43
Talipao,38983.17
Brcko,38982.52
Goiana,38967.04
Manhattan Beach,38957.81
Palatka,38941.11
Tuxtla,38936.97
Liepaja,38924.25
Muzaffarpur,38917.06
Ouro Verde de Minas,38862.77
Gjirokaster,38840
Tehachapi,38833.99
Cesenatico,38805.12
Aizawl,38785.34
Sonsonate,38717.38
Kerch,38687.59
Baghdad,38643.27
Ajdabiya,38631.54
Turda,38603.46
Jalandhar,38592.95
Ruda Slaska,38583.14
Salaberry-de-Valleyfield,38573.28
Gary,38561.72
Mazatlan,38549.78
Putnam Valley,38546
Faisalabad,38535.64
Tacloban,38514.51
Munagapaka,38511.75
Barasat,38402.05
Texcoco,38394.05
Isla Mujeres,38388.75
Jamshedpur,38385.15
Staunton,38383.19
Suez,38369.25
Armenia,38367.43
Crystal Lake,38346.04
Madaba,38316.46
Kouribga,38269.41
Ohrid,38256.01
Stip,38243.85
Vishakhapatnam,38191.29
Aleksinac,38185.31
Budakeszi,38184.49
Wylie,38172.93
Nasice,38158
Chervonohrad,38157.23
Gramsh,38157.1
Shkoder,38131.06
Madiun,38127.99
Dos Hermanas,37989.76
Mudgee,37970.62
Mazarron,37939.7
Podujeve,37913.8
Grosuplje,37897.61
Makurdi,37867.83
Giza,37851.36
Udaipur,37834.9
Petoskey,37823.85
Ilorin,37811.43
Vina del Mar,37795.63
Al Mafraq,37778.81
Catacamas,37775.71
Batumi,37756.29
Tulcea,37740.64
Sumy,37724.18
Solapur,37692.5
Coimbatore,37691.14
Kriva Palanka,37648.57
Ipatinga,37621.51
Madurai,37596.32
Djibouti,37550.26
Massy,37533
Mysore,37530.51
Poltava,37505.8
Yevpatoriia,37439.56
Oberhausen,37430.81
Berat,37412.92
Mangalia,37379.14
Puducherry,37288.67
Toms River,37280.87
Kocani,37276.5
Kalyan,37243.73
Longmont,37235.51
Laoang,37226.66
Dili,37176.47
Bahawalpur,37167.54
Ziar nad Hronom,37149.29
Chillan,37114
Chandigarh,37110.95
Tiruppur,37095.77
Port Lincoln,37076.93
Wallingford,37075.95
Bucaramanga,37053.06
Udhampur,36994.53
Koszeg,36990.85
Nadym,36990.2
Gurjaani,36980.27
Kryvyi Rih,36968.26
Puerto Escondido,36943.02
Victoriaville,36937.16
Hohhot,36892.98
Soldanesti,36855.21
Ghaziabad,36834.92
Amagasaki,36811.3
Manizales,36808.12
Ciudad Victoria,36791.91
Dubuque,36781.91
Kharagpur,36776.29
Al Minya,36771
Araruama,36769.88
Kimberley,36755.88
Begusarai,36754.78
Monclova,36753.43
Srinagar,36747.01
Guwahati,36746.65
Rhinelander,36739.85
Kitakyushu,36722.46
Aswan,36722.3
Hemet,36673.7
Sao Caetano do Sul,36660.44
Nieuw Nickerie,36653.92
Lezhe,36618.41
Cozumel,36611.03
San Pedro de Macoris,36598.67
Nanyang,36596.21
Balti,36586.64
Islamabad,36584.9
Mito,36569.28
Delcevo,36548.82
Gisenyi,36545.83
Strumica,36542.98
Ruhengeri,36538.86
Concon,36524.8
Valenzuela,36519.56
Indore,36493.36
Douala,36465.28
Tiraspol,36445.1
Warangal,36426.57
Tarija,36421.7
Mukacheve,36415.72
Vukovar,36405.27
Alfenas,36405.03
Karachi,36334.83
Surakarta,36266.77
Sincelejo,36155.13
Kirkuk,36138.21
Concepcion,36110.27
Ciudad Benito Juarez,36108.44
Paszto,36099.09
Atyrau,36090.09
Rizhao,36055.27
Zaozhuang,36055.27
Latur,36014.78
Qapshaghay,35940.22
Encinitas,35923.76
Sucre,35893.21
Talisay,35819.75
Huizhou,35814.44
Kraljevo,35803.45
Monrovia,35795.55
Orhei,35789.51
Rohtak,35752.58
Udayagiri,35719.35
Esztergom,35712.28
Gottingen,35703.93
Konotop,35702.58
Nyiregyhaza,35669.86
Kramatorsk,35659.28
Majuro,35658.72
Nyergesujfalu,35636.59
Krefeld,35633.1
Chernivtsi,35619.29
Amritsar,35594.6
Butuan,35591.16
Criuleni,35586.95
Dubasari,35586.95
Glodeni,35586.95
Dodoma,35542.12
Bhiwandi,35498.01
Leeuwarden,35496.87
Mambajao,35473.12
Az Zaqaziq,35458.13
Lahore,35453.59
Murovani Kurylivtsi,35450.89
Ponnuru,35442.14
Mankato,35414.12
Rivne,35406.62
Franco da Rocha,35398.97
Aurangabad,35335.39
Talca,35291.46
Pearl City,35282.31
Zagorje,35252.05
Pakala,35184.76
Danilovgrad,35178.65
El Seibo,35148.92
Damanhur,35143.98
Kairouan,35126.37
Dingzhou,35121.19
Mykolaiv,35067.81
Meru,35058.28
Durango,35045.13
Fort Walton Beach,35042.4
Moradabad,35009.49
Tataouine,35000.58
Dubnica nad Vahom,34997.1
Fort Smith,34987.85
Tumkur,34945.51
Koronadal,34882.67
Ellore,34878.89
Harrison,34853.92
Takamatsu,34842.12
Kampala,34793.47
Kota,34762.67
Deniliquin,34738.73
Warrnambool,34721.19
Villa Alemana,34706.06
Yeosu,34689.69
Nawabshah,34677.5
Balikpapan,34670.37
Bayamon,34645.68
Cesis,34639.78
Treherbert,34575.04
Mage,34547.92
Mariupol,34533.7
Maun,34519.59
Bharuch,34506.49
Daugavpils,34466.27
Sargodha,34452.64
Lutsk,34421.31
Jabalpur,34341.25
Yankton,34274.68
Dhanbad,34253.39
Novo Hamburgo,34249.99
Tixtla de Guerrero,34218.48
Lowell,34213.23
Suffolk,34199.55
Ponca City,34193.53
Kostiantynivka,34183.94
Lipkovo,34172.3
Morogoro,34162.09
Radovljica,34158.96
Liuzhou,34057.45
Cagnes-sur-Mer,34054.93
Bhilai,34051.99
Akola,34051.86
Gori,34050.01
Baia-Sprie,34046.6
Pelotas,34045.46
New Mirpur,34009.99
Gwalior,33978.27
Ormoc,33963.5
Borjomi,33946.35
Vadodara,33910.82
Gojra,33871.58
Manouba,33859.1
Ramsey,33830.71
Grants Pass,33821.17
Banha,33806.76
Cuevas del Almanzora,33730.14
Quetta,33698.05
Ibadan,33632.55
Taroudannt,33629.64
Brasschaat,33606.71
Naxcivan,33604
Puente Alto,33600.86
Bafoussam,33594.73
Settat,33519.83
Brades,33463.32
Ciudad Obregon,33457.38
Siegen,33430.74
Bhopal,33400.09
Dunaujvaros,33390.84
Ibague,33346.98
Mazar-e Sharif,33345.46
Groznyy,33291.89
Osh,33277.28
Penafiel,33233.14
Mangalore,33169.65
Bermejo,33161.31
Murfreesboro,33157.07
Knysna,33157.01
Matera,33153.92
Owings Mills,33145.56
San Bernardo,33143.69
Maicao,33134.64
Durgapur,33093.12
Czestochowa,33067.66
Bhatinda,32950.33
Neuilly-sur-Seine,32944.19
Nakuru,32799.64
Southbridge,32793.6
La Chorrera,32782.65
Fushun,32734.48
Puerto Plata,32723.55
Royal Oak,32717.94
Gjovik,32674.7
Morrisville,32671.41
Aqtobe,32628.01
Hopkins,32590.91
Fayence,32577.3
Barbacena,32559.44
Pithapuram,32542.22
Ulhasnagar,32517.78
Al `Arish,32474.58
Yardimli,32468.17
Cucuta,32432.39
Shibirghan,32424.32
Nagercoil,32399.92
Aigle,32328.24
Sakaka,32304.44
Ulan-Ude,32279.11
Los Gatos,32255.45
Sidi Slimane,32207.86
Nasik,32205.04
Ranchi,32201.56
Dubbo,32184.84
Nagpur,32156.21
As Sulaymaniyah,32152.26
Navsari,32137.89
Karaj,32137.14
Carolina,32097.35
Manaus,32038.97
Geraardsbergen,31987.57
Xiangshui,31952.56
Hisar,31940.25
Vigan,31938.37
Nizwa,31862.22
Pavlodar,31815.02
Barakpur,31728.96
Ciudad Hidalgo,31704.71
Tapachula,31691.46
Ellensburg,31667.68
Pittsfield,31658.38
Brvenica,31651.09
Pereira,31636.57
Ottumwa,31617.53
Maturin,31604.23
N'Djamena,31567.37
Bay Minette,31424.37
Talsi,31246.19
Nellore,31238.51
Jaffna,31193.02
Le Havre,31181.7
Mossel Bay,31180.09
Homa Bay,31146.64
Negombo,31140.97
Simpsonville,31075.66
Sabratah,31069.22
Canoas,31012.62
Maceio,30975.77
Damietta,30963.82
Campina Grande,30962.62
Valdivia,30957.04
Tatabanya,30945.23
Severodvinsk,30933.17
Chambery,30917.48
Rawalpindi,30870.02
Talcahuano,30783.7
Tunja,30758.28
Kasese,30748.1
Moncks Corner,30697.31
Tirupati,30694.92
Sambalpur,30601.42
Facatativa,30589.62
Al `Aziziyah,30554.82
Al Khums,30554.82
Presidente Prudente,30530.01
Nuriootpa,30520.01
Matagalpa,30458.16
Sidi Qacem,30365.64
Hinesville,30221.02
Fulshear,30159.16
Ali Sabieh,30140.78
Termiz,30133.28
Bijapur,30125.43
An Najaf,30113.48
Williamsport,30091.92
Narsingdi,30090.27
Rahimyar Khan,29936.73
Coronel,29931.89
Kafue,29922.4
Al Bayda',29884.97
Kabwe,29874.14
Ndola,29874.14
Hermanus,29868.18
Leticia,29804.74
Arkhangelsk,29781.33
Karavadi,29724.42
Polokwane,29608.98
Cotonou,29514.37
Catonsville,29465.24
Cuttack,29444.49
Kumbakonam,29443.59
Dupnitsa,29427.7
Dera Ghazi Khan,29384.84
San Cristobal,29325.16
Ad Diwaniyah,29306.47
Kalisz,29296.82
Krishnapur,29279.13
Port Macquarie,29268.24
Mitrovice,29221.66
Jeffrey's Bay,29217.49
Kingstown,29187.71
Namangan,29174.63
Rivas,29098.24
Annemasse,29092.57
Nakhon Si Thammarat,29091.84
Medianeira,29083.8
Zamosc,29014.39
Gorakhpur,28954.56
Aligarh,28822.59
Dunafoldvar,28789.56
Loznica,28778.89
Windhoek,28732.48
Burlingame,28729.49
Sialkot City,28708.06
Kolomyia,28698.87
Raipur,28659.48
Ajka,28594.35
Galle,28579.43
Brevard,28498.95
Hyderabad City,28456.02
Barinas,28435.26
Patiala,28372.93
Saddiqabad,28322.32
Dharmsala,28172.05
Pinehurst,28018.49
Herat,28007.69
Floridablanca,27778.78
Broome,27747.03
Geraldton,27721.33
Veles,27714.5
Bello,27577.18
Larkana,27536.55
Orlova,27506.97
Louangphabang,27409.69
Karbala',27334.76
Mandi Burewala,27334.61
Ganga Sagar,27324.74
Panipat,27305.07
Jalgaon,27300.76
Neiva,27293.26
Al Kut,27271.59
Murska Sobota,27238.6
Piscataway,27152.29
Batangas,27020.98
Asansol,27019.6
Shekhupura,27016.18
Tournai,27013.17
Elakkurichchi,26956.78
Meerut,26869.64
Soweto,26762.87
Konin,26715.62
Adrian,26663.45
Smolensk,26649.13
Amravati,26625.68
Te Awamutu,26621.97
Freetown,26596.5
Villavicencio,26594.96
New Paltz,26593.39
Burbank,26590.18
Kafr ash Shaykh,26563.79
Mendrisio,26513.11
Lome,26442.72
Montrose,26423.33
Semey,26378.92
Clayton,26377.78
Peshawar,26340.2
Ujjain,26309.94
Bardejov,26289.53
Ismailia,26235.03
Rovinj,26228.3
Vinh,26216.11
Zalaegerszeg,26111.24
Jaranwala,26103.73
Kielce,25980.56
San Giuliano Terme,25973.53
Onitsha,25945.37
Vitry-sur-Seine,25878.12
Pagosa Springs,25877.14
Kyustendil,25859.17
Purnea,25838.28
Yaounde,25812.74
Dijon,25734.93
Kumasi,25689.93
Gujranwala,25631.32
Kalocsa,25626.46
San Leandro,25615.62
Bukhara,25577.19
Citrus Heights,25509.31
Eastvale,25501.63
Multan,25477.32
Barretos,25379.69
Bilaspur,25242.52
Las Pinas City,25239.55
Warrensburg,25123.07
Buckeye,25077.66
Monroe,25044.33
Muskegon,24951.99
Mizdah,24914.56
Fontaines-sur-Saone,24820.02
Hickory,24807.62
Calbayog City,24793.83
Dehra Dun,24766.28
Misratah,24728.74
Krusevac,24705.12
La Plata,24660.7
Norcross,24610.63
Plainedge,24565.01
Crnomelj,24459.73
Carazinho,24432.2
Qyzylorda,24398.79
Porto Velho,24390.63
Envigado,24268.37
Tomball,24204.92
Al `Amarah,24139.54
Muzaffarabad,24133.78
Bahawalnagar,24042.51
Dodge City,24034.53
Calumet Park,23979.62
Imphal,23971.25
Durant,23967.78
Calabar,23951.52
Aldershot,23894.59
Ellsworth,23891.68
Lushnje,23867.25
Hawthorne,23861.2
Dahuk,23793.62
Maseru,23786.24
Pindamonhangaba,23592.89
Accra,23349.11
Sao Tome,23346.25
Korce,23253.56
Pakpattan,23101.65
Cachoeira Alta,23076.54
Sahiwal,23054.39
Jodhpur,23033.68
Tandil,23002.79
Menzel Temime,22928.19
Vitoria da Conquista,22923.6
Nyeri,22915.2
Al Basrah,22882.13
Ariano Irpino,22823.35
Hobbs,22718.71
Midlothian,22718.36
Bikaner,22716.52
Palm Harbor,22702.92
Rock Island,22583.36
Temara,22578.68
Popayan,22524.2
Al Qusayr,22486.77
Hoofddorp,22464.86
Largo,22384.52
Kabul,22350.54
Nouakchott,22346.21
Druskininkai,21886.79
Wakayama,21846.95
Olongapo,21772.36
An Nasiriyah,21483.67
Abbottabad,21404.24
The Dalles,21209.57
Puteaux,21117.39
Penza,20958.36
Rouyn-Noranda,20903.92
Najran,20864.77
Gujrat,20850.16
Shelby,20812.42
Chiniot,20789.01
Sukkur,20691.41
Cherukuru,20600.1
Matsudo,20590.87
Khairpur Mir's,20579.85
Feilding,20572.22
Bulverde,20422.05
Tikrit,20298.83
Courbevoic,20135.17
Reutlingen,20106.51
Chiba,20083.82
Comayaguela,20075.42
Gilroy,19835.21
Landsberg,19398.87
Acton,19361.02
Rio das Ostras,19271.35
Kuysinjaq,19193.16
Astoria,19101.58
Luxor,19087.03
Qiryat Mozqin,19069.83
Az Zubayr,19057.81
Ajmer,19024.43
Ballina,18908.84
Khimki,18826.37
Puerto Natales,18742.38
Dedza,18739.82
Montclair,18733.58
Cheongju,18723.94
Morehead City,18718
Beckley,18687.1
Fort Lee,18376.22
Yuzhno-Sakhalinsk,18242
San Miguel de Tucuman,18175.9
Summit,18173.6
Huazhou,18168.36
Sarpsborg,18100.21
Escaldes-Engordany,18034.23
Anderson,17998.21
Maisons-Alfort,17921.05
Munchwilen,17889.47
Matosinhos,17723.91
Shillong,17652.76
Clamart,17602
Antioch,17599.63
Ouagadougou,17550.8
Lae,17450.72
Antony,17298.81
Friedrichsdorf,17209.92
Sveti Nikole,17139.34
Kedainiai,17105.84
Plunge,17102.24
Wangen im Allgau,17046.36
Attock Khurd,17035.49
Yuma,17014.48
Saint-Maur-des-Fosses,16988.05
Sant Julia de Loria,16720.9
Garissa,16700.91
Dipolog,16620.54
San Remo,16592.93
Vrilissia,16571.92
Pfaffenhofen,16561.37
Jhang City,16457.92
Staten Island,16355.96
Jawhar,16290.55
Jagodina,16036.87
Soledad,15967.11
Ajaccio,15838.06
Labuan,15805.9
Mbarara,15804.89
Zanzibar,15798.84
Allschwil,15697.15
Okara,15488.86
El Nido,15401.32
Powell River,15385.77
Shubra al Khaymah,15339.01
Hafr al Batin,15316.91
Corroios,15313.89
Inowroclaw,15275.43
Agoura Hills,14969.19
Busto Arsizio,14955.06
Piura,14806
Lachen,14779.69
Kuala Lipis,14728.82
Akure,14634.03
Liaocheng,14629.23
Cayenne,14554.82
Fullerton,14547.44
Matale,14361.82
Hilton,14213.62
Nacogdoches,14196.76
Tiruvannamalai,14188.64
Tanjungpandan,13941.21
Lubumbashi,13923.24
Kholmsk,13830.59
Castle Rock,13805.47
Ratnapura,13737.79
Starkville,13635.62
Tacna,13564.48
Baie-Comeau,13542.14
Ho,13524.15
Krasnogorsk,13351.53
Conakry,13327.63
Civitanova Marche,13253.69
Grand Turk,13172.17
Lynden,13051.58
Minna,13015.11
Forfar,13005.19
Macerata,13003.67
Trnava,12620.41
Karnal,12618.29
North Amityville,12596.5
Baytown,12447.44
Koforidua,12399.83
Frankfort,12179.33
California,12172.11
Fort Portal,12047.08
Kurume,12035.06
Lohja,11963.59
Chifeng,11920.02
Yanbu`,11824.95
Xiangyang,11551.16
Mpigi,11533.51
Rio Rancho,11296.29
Thomasville,10974.38
Frydek-Mistek,10834.34
Machakos,10762.17
Waltham,10755.39
Fuquay-Varina,10675.94
Spijkenisse,10675.17
Stanley,10645.26
Steinkjer,10640.88
Rincon de la Victoria,10589.51
Hampton,10474.49
Morgantown,10440.16
Banjul,10434.42
Long Branch,10408.2
Red Bank,10218.8
Albemarle,10141.88
Villingen-Schwenningen,9947.83
Saharanpur,9910.6
Lobnya,9828.74
Mason,9798.62
Tabuk,9700.2
Conway,9619.35
Gelendzhik,9586.75
Offenburg,9572.25
Barnstable,9545.98
Marinha Grande,9489.65
West Lafayette,9407.79
Arusha,9370.79
Canet de Mar,9334.95
Clemson,9243.67
Veldhoven,9128.11
Cadillac,9072.22
Mestre,9071.68
South Miami Heights,9065.52
Binan,9048.35
Orangeville,9035.43
Yorba Linda,8909.45
Cherbourg,8855.83
Johnstown,8818.41
Suwanee,8800.44
Kempten,8722.07
Sitka,8704.5
Waynesboro,8684.38
Leonberg,8678.7
Puerto Princesa,8584.52
Murom,8533.79
Pukalani,8498.26
Maple Valley,8475.15
Hackensack,8427.83
Yakutsk,8354.77
Lombard,8334.26
Meaux,8263.62
Puerto Ayora,8232.56
Poissy,8230.89
Kumamoto,8213.66
Wotton-under-Edge,8207.06
Eden Prairie,8160.05
Tamale,8134.7
Erdenet,8117.25
Clarkston,8077.09
Ciudad del Carmen,8060.98
Plantation,8033.97
Umm Salal `Ali,7964.84
Muncie,7933.17
Neu-Ulm,7917.88
Susanville,7826.62
Vladimir,7825.4
Louvain-la-Neuve,7766.8
Pendleton,7718.66
Schio,7664.92
Cascavel,7646.81
Buochs,7646.09
Goroka,7593.77
Pursat,7557.86
Postojna,7527.08
La Romana,7467.08
Grass Valley,7427.61
Lytkarino,7367.94
Avarua,7353.5
Commack,7332
Asmara,7290.84
Perrysburg,7286.43
Cumberland,7281.31
Montevrain,7247.32
Bastia,7205.13
Yeghegnadzor,7185.28
Selibe Phikwe,7128.11
L'Aquila,7060.65
Kodiak,7025.35
Koscierzyna,7013.63
Yreka,7002.44
Mandalay,7000.93
Saint-Martin-de-Crau,6962.13
Willimantic,6947.89
Castellammare di Stabia,6909.79
Avellaneda,6900
San Martino Buon Albergo,6883.77
Lansdale,6862.53
Bethel Park,6843.1
Fenglu,6820.08
Yancheng,6768.31
La Porte,6698.2
Vizianagaram,6683.97
Lewisville,6653.06
Tarnowskie Gory,6635.61
Iqaluit,6630.23
Corning,6618.23
Landshut,6612.99
Gladstone,6587.85
Crestview,6577.95
Alamogordo,6566.1
Calapan,6541.81
Fes,6527.51
Arandelovac,6504.37
Apia,6480.4
Kampot,6425.57
Peachtree Corners,6413.41
Iola,6387.55
Zweibrucken,6368.74
Cuprija,6309.85
Khamis Mushayt,6305.23
Heroica Nogales,6300.27
Coatesville,6280.79
Kisii,6265.97
Moses Lake,6199.22
Warri,6195.86
Amarante,6111.52
Bar,6107.09
Tracy,6101.01
Boca Chica,6090.6
Gyongyos,6089.28
Sept-Iles,6076.94
Petrolina,6075.03
Menifee,6037.89
Nicholasville,6034.7
Pine Bluff,6034.13
Brookdale,5989.32
Aligudarz,5987.12
San Juan del Rio,5941.69
Los Mochis,5888.49
Owerri,5848.45
Campeche,5839.21
Pawtucket,5829.62
Tequisquiapan,5801.93
Lufkin,5781.54
Bissau,5780.69
Algeciras,5755.91
Crawfordsville,5752.39
Kirkcaldy,5693.34
Queenstown,5663.16
La Seyne-sur-Mer,5622.3
Lhasa,5592.97
Wolfenbuttel,5589.66
Karditsa,5571.71
Sellersburg,5543.34
Ansbach,5511.93
Stuart,5445.93
Fulda,5422.8
Bankura,5407.45
Sutton on Hull,5336.73
Bradley,5263.32
Foz do Iguacu,5230.89
Wolfsberg,5205.1
Petropavlovsk-Kamchatskiy,5203.98
Bryansk,5194.45
Leavenworth,5182.01
Ferrol,5165.61
Moe,5134.72
Bamenda,5132.04
Funafuti,5081.24
Buea,5077.01
Portico di Caserta,5056.35
Geel,5027.95
Limbe,5026.24
Fresnillo,5023.68
Kaufbeuren,5019.27
Richton Park,4983.58
Oranienburg,4936.97
Ivanovo,4895.12
Turkmenabat,4881.99
Velikiy Novgorod,4864.83
Burnsville,4854.07
Diyarbakir,4816.45
Elizabethtown,4764.04
Vologda,4752.13
Fallon,4626.08
Homs,4596.32
Ciudad Apodaca,4518.48
Wisconsin Rapids,4506.61
Yasuj,4500.23
Kagoshima,4493.13
Ogre,4479.78
Yaren,4451.61
Spring Hill,4446.14
Csongrad,4438.56
Manfredonia,4403.73
Ciudad de Ceuta,4393.89
Cerignola,4348.33
Huaraz,4322.54
Kilkis,4275.01
Kampong Thom,4266.46
Bjelovar,4264.48
Tamworth,4257.12
Benin City,4256.12
Kano,4241.83
Niort,4237.47
Pozarevac,4218.84
Bedzin,4202.75
Chateauroux,4182.27
Abeokuta,4154.15
Antequera,4150.53
Uniondale,4147.07
Bucine,4129.52
Gorgan,4119.58
Pikesville,4084.22
Feltre,3983.22
Jizzax,3978.98
Fier,3946.93
Punta Arenas,3808.03
Lienz,3807.68
Belmopan,3792.72
Asahikawa,3782.51
Znojmo,3723.92
Besancon,3720.43
Ciechocinek,3710.98
Trujillo,3697.33
Magadan,3690.75
Al Mahwit,3666.63
Vatican City,3658.26
Kampong Chhnang,3654.14
Shinjuku,3631.54
Komsomol'sk-na-Amure,3625.56
Lambersart,3618.95
Macclesfield,3596.95
Sunrise Manor,3571.75
Lebanon,3508.84
Mombasa,3486.91
Hutchinson,3456.1
Lewistown,3443.32
Coatzacoalcos,3411.57
Nyack,3403.28
Kleve,3388.34
Cleveland Heights,3374.47
Beppu,3354.94
Leominster,3336.06
Al Fallujah,3322.92
Ta' Xbiex,3285.44
Brikama,3278.36
Pinellas Park,3259.65
Villefranche-sur-Saone,3253.74
Goma,3243.23
Imdina,3242.05
Chios,3232.51
Bata,3212.73
Thoiry,3189.18
Aba,3178.9
Mandsaur,3130.51
Maiduguri,3124.48
Praia,3068.53
Bulawayo,3066.44
Collingswood,3066.26
Port Hedland,3063.54
Almirante Tamandare,3044.87
Rangoon,3042.88
Uyo,3037.4
Borlange,3031.01
Hachioji,3026.42
Vocklabruck,3016.33
Ojai,3007.89
Bojnurd,2969.79
Vidin,2962.21
Culver City,2961.16
Mytishchi,2926.82
Apucarana,2917.35
`Afrin,2893.8
Zakhu,2872.92
Kavadarci,2847.3
Americana,2834.62
Aomori,2831.07
San Francisco de Macoris,2814.93
Gorazde,2801.49
Dunkerque,2773.1
Pottsville,2759.17
Saintes,2721.05
Fastiv,2711.46
Cholet,2711.29
Bauchi,2676.05
Auxerre,2647.07
Ostuni,2642.15
Parry Sound,2626.36
Goulburn,2624.27
Jhansi,2618.08
Rodez,2606.16
Southaven,2586.9
Zabol,2575
Evry,2557.35
Kolhapur,2546.38
Brattleboro,2543.32
Chalon-sur-Saone,2528.44
Novy Jicin,2500.35
Hamah,2488.8
Ar Rastan,2481.77
Trebic,2469.63
Cortina d'Ampezzo,2468.93
Juazeiro do Norte,2435.34
Yalova,2433.84
Crato,2420.01
Ocean Springs,2409.6
Gilgit,2393.71
Clichy,2389.57
Union City,2377.94
Karimnagar,2336.24
Grosseto,2332.93
Slidell,2332.77
Kicevo,2332.19
Rudesheim am Rhein,2319.27
Chimbote,2311.1
Kars,2299.41
Champigny-sur-Marne,2269.2
Spanaway,2249.27
Apple Valley,2247.88
Kyzyl,2211.73
Coppell,2158.6
Xichang,2156.15
Djemmal,2138.31
Arica,2131.14
Changhua,2131
Elbasan,2115.32
Bareilly,2097.33
Sesto San Giovanni,2096.34
Bethune,2092.74
Vreed-en-Hoop,2083.28
Beziers,2080.21
Ixtapa Zihuatanejo,2078.98
Montceau-les-Mines,2045.32
Gallarate,2039.89
Tweed Heads,2038.74
Petropavl,2025.81
Texas City,2021.87
Alhambra,2018.65
Vryburg,2017.47
Pabna,2013.9
South Park Township,2007.25
Mascara,2005.99
Rho,2001.42
Jayapura,2000.85
Agstafa,1978.47
Masjed Soleyman,1977.9
Cobija,1977.32
Santa Margherita Ligure,1962.58
Ogbomoso,1942.68
Sremski Karlovci,1937.66
Quevedo,1937.21
Brockton,1919.31
Dagupan City,1881.6
Palembang,1835.39
Krishnanagar,1821.51
Amalapuram,1812.02
Vigevano,1802.44
Legazpi City,1801.41
Montecatini Terme,1758.07
Klaksvik,1747.02
Nova Friburgo,1742.57
Andijon,1731.91
Nuku`alofa,1719.63
Guarapuava,1683.71
Huanuco,1680.2
Gombe,1675.91
Temple City,1675.72
Raiganj,1658.33
Dickinson,1648.25
Eagan,1632.23
Smolyan,1631.86
Basseterre,1630.23
Tullahoma,1613.73
Capannori,1610.29
Bonao,1601.15
Lisburn,1595.71
Serpukhov,1541.13
Abnub,1533.19
Mardan,1529.41
Merthyr Tudful,1525.99
Fatehpur,1520.73
At Tafilah,1505.48
Pontes e Lacerda,1502.59
Mekele,1490.25
Vandenberg Village,1479.79
Kilifi,1470.82
Port Arthur,1470.17
Cumbernauld,1466.47
Godalming,1451.28
Zacatelco,1450.38
Ayacucho,1448.61
Puerto Galera,1437.52
Zajecar,1433.81
Mossoro,1429.58
Sibenik,1428.68
Grays,1422.01
Puttalam,1416.33
Torbat-e Heydariyeh,1408.69
Gravesend,1390.18
Sebring,1379.11
Hekinan,1377.62
Astrakhan,1367.33
Higuey,1359.47
Obihiro,1351.16
Neubiberg,1343.31
Gatchina,1325.56
Jacobina,1310.53
Kettering,1308.03
Emporia,1293.66
Zhukovskiy,1292.51
Biasca,1290.9
Tindouf,1287.52
Velikiye Luki,1266.08
Bilovec,1259.18
Baotou,1255.72
Burhanpur,1251.06
Armacao dos Buzios,1240.41
Groton,1223.08
Nikopol,1219.6
Hunedoara,1206.38
Waynesville,1204.47
Wloclawek,1201.51
Bhuj,1191.28
Khammam,1185.7
Ondo,1180.04
Essaouira,1177.95
Kiambu,1176.07
Rajahmundry,1165.76
Souk Ahras,1153.89
Cliffside Park,1153.56
Chimalhuacan,1101.31
Sorsogon,1099.71
Mwanza,1079.95
Nevsehir,1060.65
Pozzuoli,1058.65
Paulo Afonso,1055.06
Bergenfield,1040.99
Potenza,1040.99
Flin Flon,1032.52
Montes Claros,1031.63
Swift Current,1020.44
Kiskunfelegyhaza,1017.42
Willoughby,1012.45
Zaqatala,1007.71
Jambi,1000.7
Ain Defla,988.53
Kocevje,988.1
Leszno,981.99
Zhaoqing,981.26
Tarapoto,978.98
Upington,976.48
Piracununga,962.52
Kaduna,959.28
Melitopol,957.79
Sievierodonetsk,957.14
Tulcan,947.68
Capriate San Gervasio,938.46
Santiago de Cuba,909.54
Meridian,906.34
Twin Lakes,893.44
Rio Cuarto,890.39
River Grove,876.8
Itajuba,875.14
Rondonopolis,868.72
Kegalle,865.14
Nuwara Eliya,857.23
Hartlepool,853.68
Tuguegarao,852.29
Ciudad Guayana,849.48
Levittown,834.84
Odorheiu Secuiesc,822.25
Mairipora,821.88
Civitavecchia,810.59
Krotoszyn,809.59
Teresina,809.44
Machilipatnam,808.5
Stradella,806.2
Fujisawa,796.66
Esteli,792.41
Bilhorod-Dnistrovskyi,791.47
Solnechnogorsk,788.36
Ozamiz City,782.71
DeFuniak Springs,778.83
Owosso,757.88
Campo Mourao,754.21
Adrar,748.87
Beckett Ridge,748.09
Shahr-e Kord,747.5
Titel,741.13
Gulbarga,740.28
Pontotoc,738.14
Menomonee Falls,737.63
Qaqortoq,737.25
Bourbonnais,729.84
Smithfield,726.9
Aquiraz,725.47
Tanjungpinang,724.18
Silvassa,722.9
North Brunswick,711.36
Sangli,708.25
Tuapse,699.49
Vittorio Veneto,696.57
Winnemucca,688.98
Kericho,687.64
Dasoguz,667.44
Union Park,665.84
Malisheve,664.02
Turtle Creek,656.75
Muhradah,656.4
Myjava,643.93
Baker,643.3
Elizabethton,637.17
Peshkopi,632.69
Jamalpur,629.36
Lorain,627.91
Dadeldhura,627
Moss Point,618.19
Dharan,617.62
Beavercreek,613.38
Fergus Falls,611.83
Leposaviq,611.27
Wilmington Island,606.77
Manistee,599.2
Ijevan,598.38
Boleslawiec,585.91
Nandyal,583.9
Lake Elsinore,583.09
Codo,582.64
Yinchuan,581.37
Greer,580.48
Kakinada,578.14
Spruce Grove,570.16
Homestead,568.12
Hartsville,564.88
Tulare,564.3
Mildura,556.67
Jacarei,555.79
Beverly Hills,549.64
Bacong,549.49
Ainring,548.24
West Jordan,545.03
Viti,544.86
Gaylord,544.62
Ikeja,543.86
Pinole,542.47
Rincon,541.22
Samkir,540.19
Toamasina,538.68
Hwange,538.04
Sierra Vista,531.28
Levanto,529.76
Iquitos,524.08
Brookline,512.83
Iganga,506.53
Samarinda,506.49
East Riverdale,505.44
Seasalter,501.61
Kapchorwa,499.52
Tororo,499.52
Wesley Chapel,492.85
Sidi Bel Abbes,490.53
Grosse Pointe Woods,483.29
Los Teques,477.47
Smyrna,459.88
Titusville,458.93
Baywood,453.73
Zamboanga City,452.02
Pleasant Grove,451.55
Alcala de Guadaira,450.32
Kamwenge,444.69
Kisoro,444.69
Rayleigh,435.44
Riviere-du-Loup,431.6
Green Valley,427.6
Cahul,423.59
Kurnool,422.12
Bad Kreuznach,420.27
Koriyama,412.48
Saldus,412.33
Prattville,404.2
Peace River,403.94
Istog,401
Effingham,400.49
Kirkwall,395.67
Ciudad Choluteca,380
Dixon,379.54
Passos,378.75
Chapeco,374.26
Jurbarkas,372.68
Sun City Center,366.16
Katoomba,361.8
Glendale Heights,359.36
Montreuil,353.12
Punta Gorda,346.91
Wesel,339.86
Titagarh,336.54
Heze,336.29
West Springfield,336.18
Las Tunas,329.39
Zebbug,328.35
White City,327.47
Bonney Lake,323.58
Cidade Velha,321
Pleasantville,320.89
Ilheus,316.13
West Whiteland,313.78
San Rafael del Sur,312.09
East Meadow,309.5
Ocotal,302.52
Wentzville,302
Palangkaraya,300.75
Brokopondo,300
Banda Aceh,297.83
Pierre,297
Svay Rieng,292.49
Isesaki,291.64
East Fishkill,290.82
Tipasa,289.86
St. Thomas,287.73
Ilulissat,286.21
Los Banos,273.79
Anqing,270.82
Bayamo,269.39
Pago Pago,269.27
Kisvarda,268.01
Bayawan,266.05
Registro,260.28
Pitogo,258.62
Saint-Louis,254.55
East Ridge,252.12
Dhangadhi,251.47
Cartago,245.76
El Tigre,233.73
Turkmenbasy,231.46
Katsina,230.2
As Samawah,227.94
Baglung,226.76
Iquique,221.71
Husum,219.69
Nizhnevartovsk,215.43
San Dona di Piave,213.36
Ciudad Bolivar,209.79
Grove City,201.6
Upper Merion,179.8
Menominee,179.17
Taraclia,176.38
Ridley Park,176.12
Spring Valley,175.75
Tulsipur,170.31
Falconara Marittima,168.6
Tozeur,162.23
Eastpointe,161.28
Barahona,158.06
Samokov,157.1
Chantilly,154.46
Al Mukalla,150.4
Tamanrasset,146.82
Chita,145.98
Coronel Oviedo,144.51
Hanumangarh,139.27
Artesia,134.9
Villarrica,129.02
Kirksville,128.98
Inwood,128.8
Urganch,126.25
Alcaudete,125.51
Canosa di Puglia,119.02
Lake Oswego,116.94
Boa Vista,116.84
Bollnas,114.61
Seogwipo,114.39
North Ridgeville,112.04
Webb City,111.37
Chateauguay,110.96
Sirsa,110.26
Mnisek pod Brdy,108.34
Bad Mergentheim,105.69
Orekhovo-Borisovo Yuzhnoye,103
Jalalabad,100.84
Segezha,100.55
Evergreen Park,100.46
Manteca,99.58
Taizhou,98.23
Forsyth,96.93
Nysa,94.51
Neiafu,92.3
Elvas,90.95
Pingtung,90.55
Matrah,89.36
Koshigaya,87.11
Sighetu Marmatiei,85.13
Angarsk,80.56
Arroio do Meio,80.38
Great Bend,73.27
Sobral,73.14
Lakeside,72.16
Beira,70.47
Ngaoundere,70.15
Moroni,69.38
Casandrino,63.34
Harderwijk,62.57
Fuquan,62.42
Silchar,59.73
Zakopane,59.23
Dibrugarh,59.18
Comodoro Rivadavia,57.3
Slonim,57.23
Sao Leopoldo,56.69
Puri,55.46
Huanggang,54.09
Carrefour,53.38
Pulawy,53.21
Abakaliki,51.92
Cholula de Rivadabia,50.49
Kitwe,50.47
Gangtok,48.72
Livadeia,47.51
Sete Lagoas,46.09
Mahajanga,45.34
Kulhudhuffushi,44.32
San Ignacio de Velasco,41.95
Litvinov,41.76
Salgotarjan,41.64
Leninsk-Kuznetskiy,41.58
Caluquembe,38
Huntersville,33.26
Kediri,33.23
Qarshi,32.74
Komlo,32.71
Podebrady,31.37
Fish Town,31
Shahrisabz,30.56
Tete,30.08
La Rioja,30
Dhulia,29.35
Yola,29.1
Arsenyev,27.32
Tanjungbalai,27.25
Bratsk,26.75
Crotone,24.24
Mbeya,22.32
Zlatoust,21.74
Alatyr,20.93
Vinh Yen,20
Rudnyy,18.45
Cattolica,18.39
Toba Tek Singh,18.34
Nazret,18
Rio Gallegos,16.27
Al Qamishli,16.2
Fianarantsoa,16.04
Novomoskovsk,15
Gardez,14.16
Imperatriz,5.36
Lanskroun,1.3
Jima,0.67
`Ataq,0
Alotau,0
Armavir,0
At Turrah,0
Benguela,0
Bertinoro,0
Bluefields,0
Cabinda,0
Castrolibero,0
Chimoio,0
Cidade de Nacala,0
Citta di Castello,0
Collie,0
Dien Bien Phu,0
Fidenza,0
Formosa,0
Huaibei,0
Iglesias,0
Inhambane,0
Ivdel,0
Karoi,0
Kasama,0
Lelydorp,0
Lipari,0
Livingstone,0
Mtwara,0
Murzuq,0
Ndalatando,0
Poza Rica de Hidalgo,0
Prokuplje,0
Pucallpa,0
Pyu,0
Savannakhet,0
Serris,0
Sisimiut,0
Tobruk,0
Toliara,0
Victoria Falls,0
Voerendaal,0
Waihi,0
